{"sections":{"main":{"type":"article-template","settings":{"blog_capitalize_first":true,"blog_show_tags":false,"blog_show_date":true,"blog_show_comments":false,"blog_show_author":false}},"sidebar":{"type":"blog-sidebar","blocks":{"tags":{"type":"tags","settings":{}},"share":{"type":"share","settings":{}}},"block_order":["tags","share"],"disabled":true,"settings":{}},"shogun-helper":{"type":"shogun-helper","settings":{}},"shogun-optimizer":{"type":"shogun-optimizer","settings":{}}},"order":["shogun-helper","main","sidebar","shogun-optimizer"],"wrapper":"div.page-width.page-content.blog-layout"}