{"sections":{"collection-header":{"type":"collection-header","settings":{"enable":true,"collection_image_enable":true,"parallax":false}},"fa767afb-a98e-4989-9517-ff663c9d0bd1":{"type":"featured-collections","blocks":{"template--15452563767477__fa767afb-a98e-4989-9517-ff663c9d0bd1-16649983675327ddc8-0":{"type":"collection","settings":{"collection":"","title":""}},"template--15452563767477__fa767afb-a98e-4989-9517-ff663c9d0bd1-16649983675327ddc8-1":{"type":"collection","settings":{"collection":"","title":""}},"template--15452563767477__fa767afb-a98e-4989-9517-ff663c9d0bd1-16649983675327ddc8-2":{"type":"collection","settings":{"collection":"","title":""}},"template--15452563767477__fa767afb-a98e-4989-9517-ff663c9d0bd1-16649983675327ddc8-3":{"type":"collection","settings":{"collection":"","title":""}},"template--15452563767477__fa767afb-a98e-4989-9517-ff663c9d0bd1-16649983675327ddc8-4":{"type":"collection","settings":{"collection":"","title":""}},"template--15452563767477__fa767afb-a98e-4989-9517-ff663c9d0bd1-16649983675327ddc8-5":{"type":"collection","settings":{"collection":"","title":""}}},"block_order":["template--15452563767477__fa767afb-a98e-4989-9517-ff663c9d0bd1-16649983675327ddc8-0","template--15452563767477__fa767afb-a98e-4989-9517-ff663c9d0bd1-16649983675327ddc8-1","template--15452563767477__fa767afb-a98e-4989-9517-ff663c9d0bd1-16649983675327ddc8-2","template--15452563767477__fa767afb-a98e-4989-9517-ff663c9d0bd1-16649983675327ddc8-3","template--15452563767477__fa767afb-a98e-4989-9517-ff663c9d0bd1-16649983675327ddc8-4","template--15452563767477__fa767afb-a98e-4989-9517-ff663c9d0bd1-16649983675327ddc8-5"],"disabled":true,"settings":{"title":"Popular categories","divider":false}},"main-collection":{"type":"main-collection","blocks":{"collection_description":{"type":"collection_description","disabled":true,"settings":{}},"subcollections":{"type":"subcollections","settings":{}},"product_grid":{"type":"product_grid","settings":{"grid_style":"small"}}},"block_order":["collection_description","subcollections","product_grid"],"settings":{"enable_sidebar":true,"collapse_filters":true,"enable_color_swatches":false,"enable_sort":true}},"recently-viewed":{"type":"recently-viewed","settings":{}}},"order":["collection-header","fa767afb-a98e-4989-9517-ff663c9d0bd1","main-collection","recently-viewed"]}