{"sections":{"collection-header":{"type":"collection-header","settings":{"enable":true,"collection_image_enable":true,"parallax":false}},"441740a9-70db-4d23-8aa3-b633eaac4b7e":{"type":"featured-collection","settings":{"title":"","home_featured_products":"best-selling-products","count":15,"mobile_scrollable":true,"view_all":true,"divider":false}},"main-collection":{"type":"main-collection","blocks":{"collection_description":{"type":"collection_description","settings":{}},"subcollections":{"type":"subcollections","settings":{}},"product_grid":{"type":"product_grid","settings":{"grid_style":"small"}}},"block_order":["collection_description","subcollections","product_grid"],"disabled":true,"settings":{"enable_sidebar":true,"collapse_filters":true,"enable_color_swatches":false,"enable_sort":true}},"recently-viewed":{"type":"recently-viewed","settings":{}}},"order":["collection-header","441740a9-70db-4d23-8aa3-b633eaac4b7e","main-collection","recently-viewed"]}