{"sections":{"collection-header":{"type":"collection-header","settings":{"enable":true,"collection_image_enable":true,"parallax":false,"parallax_direction":"top"}},"main-collection":{"type":"main-collection","blocks":{"collection_description":{"type":"collection_description","settings":{}},"subcollections":{"type":"subcollections","disabled":true,"settings":{}},"product_grid":{"type":"product_grid","settings":{"grid_style":"small"}}},"block_order":["collection_description","subcollections","product_grid"],"settings":{"enable_sidebar":true,"collapse_filters":true,"enable_color_swatches":true,"enable_sort":true}},"recently-viewed":{"type":"recently-viewed","settings":{}},"rich_text_R7AmXx":{"type":"rich-text","blocks":{"heading_A6GTcn":{"type":"heading","settings":{"title":"{{ collection.title }}","heading_size":"h2"}},"text_CKfkG8":{"type":"text","settings":{"enlarge_text":true,"text":"<p>{{ collection.metafields.custom.collection_description | metafield_tag }}<\/p>"}}},"block_order":["heading_A6GTcn","text_CKfkG8"],"settings":{"align_text":"center","narrow_column":true,"color_scheme":"1","divider":false}}},"order":["collection-header","main-collection","recently-viewed","rich_text_R7AmXx"]}