{"sections":{"collection-header":{"type":"collection-header","settings":{"enable":true,"collection_image_enable":false,"parallax":true,"parallax_direction":"top"}},"f02c8d9c-9623-4cc9-89fb-add7739f5e63":{"type":"hero-video","disabled":true,"custom_css":[".autosize-wrapper {position: relative; width: 100%;}",".autosize-wrapper iframe {position: absolute; top: 0; left: 0; width: 50%; height: 100%; aspect-ratio: 16\/9; \/* Set the aspect ratio according to your video's aspect ratio *\/}"],"settings":{"full_width":false,"title":"Carnival","title_size":70,"subheading":"","link_text":"","link":"","color_accent":"#ffffff","text_align":"vertical-center horizontal-center","overlay_opacity":0,"height":450,"height_mobile":250}},"main-collection":{"type":"main-collection","blocks":{"collection_description":{"type":"collection_description","settings":{}},"subcollections":{"type":"subcollections","settings":{}},"product_grid":{"type":"product_grid","settings":{"grid_style":"small"}}},"block_order":["collection_description","subcollections","product_grid"],"settings":{"enable_sidebar":true,"collapse_filters":true,"enable_color_swatches":true,"enable_sort":true}},"recently-viewed":{"type":"recently-viewed","disabled":true,"settings":{}}},"order":["collection-header","f02c8d9c-9623-4cc9-89fb-add7739f5e63","main-collection","recently-viewed"]}