{"sections":{"collection-header":{"type":"collection-header","disabled":true,"settings":{"enable":true,"collection_image_enable":true,"parallax":false}},"main-collection":{"type":"main-collection","blocks":{"collection_description":{"type":"collection_description","settings":{}},"subcollections":{"type":"subcollections","settings":{}},"product_grid":{"type":"product_grid","settings":{"grid_style":"small"}}},"block_order":["collection_description","subcollections","product_grid"],"disabled":true,"settings":{"enable_sidebar":true,"collapse_filters":true,"enable_color_swatches":false,"enable_sort":true}},"7d2222b7-06d7-42f0-bbb5-6b3eea89f3ed":{"type":"featured-collection","disabled":true,"settings":{"title":"","home_featured_products":"hair-care-under-10","count":15,"mobile_scrollable":true,"view_all":true,"divider":false}},"recently-viewed":{"type":"recently-viewed","disabled":true,"settings":{}},"d275f36f-f4d3-40d1-a22a-af8a3a14188f":{"type":"slideshow","blocks":{"template--15733470101685__d275f36f-f4d3-40d1-a22a-af8a3a14188f-167517981842d92c02-0":{"type":"hero","disabled":true,"settings":{"top_subheading":"","title":"","title_size":70,"subheading":"","link":"","link_text":"","link_2":"","link_text_2":"","color_accent":"#ffffff","text_align":"vertical-bottom horizontal-left","image":"shopify:\/\/shop_images\/MIELLE_Rosemary_Mint_Scalp_Hair_Strengthening_Oil_3.png","overlay_opacity":0}},"69b9c2c1-1e63-47d9-9b2b-a93a63245c30":{"type":"hero","settings":{"top_subheading":"","title":"","title_size":63,"subheading":"","link":"","link_text":"","link_2":"","link_text_2":"","color_accent":"#ffffff","text_align":"vertical-bottom horizontal-left","image":"shopify:\/\/shop_images\/Black-owned_Brands_1120_x_481_px_2.jpg","image_mobile":"shopify:\/\/shop_images\/Black-owned_Brands_1120_x_481_px_600_x_200_px.jpg","overlay_opacity":0}}},"block_order":["template--15733470101685__d275f36f-f4d3-40d1-a22a-af8a3a14188f-167517981842d92c02-0","69b9c2c1-1e63-47d9-9b2b-a93a63245c30"],"settings":{"full_width":false,"desktop_size":0,"mobile_size":0,"style":"arrows","autoplay":true,"autoplay_speed":7}},"fa8bbfec-5e75-428e-ac3d-0c16550632d8":{"type":"logo-list","blocks":{"aaad7465-462b-43bd-95c1-2aef21394c2b":{"type":"logo_image","settings":{"image":"shopify:\/\/shop_images\/taliahwaajid.png","link":"shopify:\/\/collections\/talia-waajid"}},"template--15733470101685__fa8bbfec-5e75-428e-ac3d-0c16550632d8-167027364585c13998-5":{"type":"logo_image","settings":{"image":"shopify:\/\/shop_images\/kinkycurly.png","link":"shopify:\/\/collections\/kinky-curly"}},"template--15733470101685__fa8bbfec-5e75-428e-ac3d-0c16550632d8-167027364585c13998-0":{"type":"logo_image","settings":{"image":"shopify:\/\/shop_images\/alikaynaturals.png","link":"shopify:\/\/collections\/alikay-naturals"}},"template--15733470101685__fa8bbfec-5e75-428e-ac3d-0c16550632d8-167027364585c13998-1":{"type":"logo_image","settings":{"image":"shopify:\/\/shop_images\/camillerose.png","link":"shopify:\/\/collections\/camille-rose-naturals"}},"template--15733470101685__fa8bbfec-5e75-428e-ac3d-0c16550632d8-167027364585c13998-2":{"type":"logo_image","settings":{"image":"shopify:\/\/shop_images\/curls.png","link":"shopify:\/\/collections\/curls"}},"template--15733470101685__fa8bbfec-5e75-428e-ac3d-0c16550632d8-167027364585c13998-3":{"type":"logo_image","settings":{"image":"shopify:\/\/shop_images\/eden.png","link":"shopify:\/\/collections\/eden-body-works"}},"40ccf1e3-4311-4621-8eb7-d65f9a03e103":{"type":"logo_image","settings":{"image":"shopify:\/\/shop_images\/mixedchicks.png","link":"shopify:\/\/collections\/mixed-chicks"}},"b97f5c7c-6612-4edd-8e6b-137c30939fb6":{"type":"logo_image","settings":{"image":"shopify:\/\/shop_images\/oyin.png","link":"shopify:\/\/collections\/oyin-handmade"}},"601c6dc6-a0aa-4d14-9a05-02563a46ae5a":{"type":"logo_image","settings":{"image":"shopify:\/\/shop_images\/tgin.png","link":"shopify:\/\/collections\/tgin"}},"8c0a8470-d48a-4131-aa01-4fce70d73ea7":{"type":"logo_image","settings":{"image":"shopify:\/\/shop_images\/unclefunkysdaughter.png","link":"https:\/\/clorebeauty.com\/collections\/vendors?q=Uncle%20Funkys%20Daughter"}},"02631b47-705e-4409-b6b0-faecbc799b14":{"type":"logo_image","settings":{"image":"shopify:\/\/shop_images\/thedoux.png","link":"shopify:\/\/collections\/doux"}},"template--15733470101685__fa8bbfec-5e75-428e-ac3d-0c16550632d8-167027364585c13998-4":{"type":"logo_image","settings":{"image":"shopify:\/\/shop_images\/Untitled_500_x_500_px_7_b4834ac2-30a8-4c5a-a749-4f5dbc84705b.png","link":"shopify:\/\/collections\/i-am-hair"}}},"block_order":["aaad7465-462b-43bd-95c1-2aef21394c2b","template--15733470101685__fa8bbfec-5e75-428e-ac3d-0c16550632d8-167027364585c13998-5","template--15733470101685__fa8bbfec-5e75-428e-ac3d-0c16550632d8-167027364585c13998-0","template--15733470101685__fa8bbfec-5e75-428e-ac3d-0c16550632d8-167027364585c13998-1","template--15733470101685__fa8bbfec-5e75-428e-ac3d-0c16550632d8-167027364585c13998-2","template--15733470101685__fa8bbfec-5e75-428e-ac3d-0c16550632d8-167027364585c13998-3","40ccf1e3-4311-4621-8eb7-d65f9a03e103","b97f5c7c-6612-4edd-8e6b-137c30939fb6","601c6dc6-a0aa-4d14-9a05-02563a46ae5a","8c0a8470-d48a-4131-aa01-4fce70d73ea7","02631b47-705e-4409-b6b0-faecbc799b14","template--15733470101685__fa8bbfec-5e75-428e-ac3d-0c16550632d8-167027364585c13998-4"],"settings":{"title":"Hair care","divider":false}},"ea3dab99-addf-4fff-bfce-68d1a9fce0e8":{"type":"logo-list","blocks":{"template--15733470101685__ea3dab99-addf-4fff-bfce-68d1a9fce0e8-167027364585c13998-0":{"type":"logo_image","settings":{"image":"shopify:\/\/shop_images\/evive2.png","link":"shopify:\/\/collections\/evive"}},"template--15733470101685__ea3dab99-addf-4fff-bfce-68d1a9fce0e8-167027364585c13998-1":{"type":"logo_image","settings":{"image":"shopify:\/\/shop_images\/mbmb.png","link":"shopify:\/\/collections\/mbmb"}},"template--15733470101685__ea3dab99-addf-4fff-bfce-68d1a9fce0e8-167027364585c13998-2":{"type":"logo_image","settings":{"image":"shopify:\/\/shop_images\/oilblends.png","link":"shopify:\/\/collections\/oilblends"}},"template--15733470101685__ea3dab99-addf-4fff-bfce-68d1a9fce0e8-167027364585c13998-3":{"type":"logo_image","settings":{"image":"shopify:\/\/shop_images\/racosmetics.png","link":"shopify:\/\/collections\/ra-cosmetics"}},"template--15733470101685__ea3dab99-addf-4fff-bfce-68d1a9fce0e8-167027364585c13998-4":{"type":"logo_image","settings":{"image":"shopify:\/\/shop_images\/tropicalisleliving.png","link":"shopify:\/\/collections\/tropic-isle-living"}},"2bf027e6-56c3-4323-b9fa-6755b6a9a2e4":{"type":"logo_image","settings":{"image":"shopify:\/\/shop_images\/essencebeaute.png","link":"https:\/\/clorebeauty.com\/collections\/vendors?q=Essence%20De%20Beaute"}}},"block_order":["template--15733470101685__ea3dab99-addf-4fff-bfce-68d1a9fce0e8-167027364585c13998-0","template--15733470101685__ea3dab99-addf-4fff-bfce-68d1a9fce0e8-167027364585c13998-1","template--15733470101685__ea3dab99-addf-4fff-bfce-68d1a9fce0e8-167027364585c13998-2","template--15733470101685__ea3dab99-addf-4fff-bfce-68d1a9fce0e8-167027364585c13998-3","template--15733470101685__ea3dab99-addf-4fff-bfce-68d1a9fce0e8-167027364585c13998-4","2bf027e6-56c3-4323-b9fa-6755b6a9a2e4"],"settings":{"title":"Skin care","divider":false}},"44ae670c-2763-4b33-81cb-61d76feee9d6":{"type":"logo-list","blocks":{"template--15733470101685__44ae670c-2763-4b33-81cb-61d76feee9d6-167027364585c13998-0":{"type":"logo_image","settings":{"image":"shopify:\/\/shop_images\/blkopl.png","link":"shopify:\/\/collections\/black-opal"}},"7515e77a-3413-4f87-830e-cbad200f1fe0":{"type":"logo_image","settings":{"image":"shopify:\/\/shop_images\/rdbeauty.png","link":"https:\/\/clorebeauty.com\/collections\/vendors?q=Rd%20Beauty"}},"d622a638-6bc6-4f26-ae80-976022fbc631":{"type":"logo_image","settings":{"image":"shopify:\/\/shop_images\/Untitled_500_x_500_px_7.png","link":"https:\/\/clorebeauty.com\/collections\/vendors?q=The%20Hair%20Diagram"}}},"block_order":["template--15733470101685__44ae670c-2763-4b33-81cb-61d76feee9d6-167027364585c13998-0","7515e77a-3413-4f87-830e-cbad200f1fe0","d622a638-6bc6-4f26-ae80-976022fbc631"],"settings":{"title":"Cosmetics and Accessories","divider":false}}},"order":["collection-header","main-collection","7d2222b7-06d7-42f0-bbb5-6b3eea89f3ed","recently-viewed","d275f36f-f4d3-40d1-a22a-af8a3a14188f","fa8bbfec-5e75-428e-ac3d-0c16550632d8","ea3dab99-addf-4fff-bfce-68d1a9fce0e8","44ae670c-2763-4b33-81cb-61d76feee9d6"]}