{"sections":{"collection-header":{"type":"collection-header","settings":{"enable":true,"collection_image_enable":true,"parallax":false}},"main-collection":{"type":"main-collection","blocks":{"collection_description":{"type":"collection_description","settings":{}},"subcollections":{"type":"subcollections","settings":{}},"product_grid":{"type":"product_grid","settings":{"grid_style":"small"}}},"block_order":["collection_description","subcollections","product_grid"],"settings":{"enable_sidebar":true,"collapse_filters":true,"enable_color_swatches":false,"enable_sort":true}},"recently-viewed":{"type":"recently-viewed","settings":{}}},"order":["collection-header","main-collection","recently-viewed"]}