{"sections":{"collection-header":{"type":"collection-header","settings":{"enable":true,"collection_image_enable":true,"parallax":false}},"7f459818-ce67-4dfc-931d-08dbcb54780a":{"type":"hero-video","disabled":true,"settings":{"full_width":false,"title":"CARNIVAL","title_size":46,"subheading":"","link_text":"","link":"","color_accent":"#ffffff","text_align":"vertical-bottom horizontal-center","overlay_opacity":0,"height":450,"height_mobile":300}},"main-collection":{"type":"main-collection","blocks":{"collection_description":{"type":"collection_description","settings":{}},"subcollections":{"type":"subcollections","settings":{}},"product_grid":{"type":"product_grid","settings":{"grid_style":"small"}}},"block_order":["collection_description","subcollections","product_grid"],"settings":{"enable_sidebar":true,"collapse_filters":true,"enable_color_swatches":false,"enable_sort":true}},"recently-viewed":{"type":"recently-viewed","settings":{}}},"order":["collection-header","7f459818-ce67-4dfc-931d-08dbcb54780a","main-collection","recently-viewed"]}