{"sections":{"slideshow_Ej3QKH":{"type":"slideshow","blocks":{"hero_B8z9H6":{"type":"hero","disabled":true,"settings":{"top_subheading":"ONLINE EXCLUSIVE","title":"<p><strong>Save an EXTRA 10% off sitewide-Family Day Sale!     <\/strong>              <\/p>","title_size":51,"subheading":"Family time is priceless and savings make it even sweeter! Limited time only. Discount automatically applied at checkout.","link":"https:\/\/clorebeauty.com\/collections\/seasonal-sale","link_text":"Shop Now","link_2":"","link_text_2":"","color_accent":"#000000","text_align":"vertical-center horizontal-center","image":"shopify:\/\/shop_images\/WEB-_Hero_banner_40.png","overlay_opacity":24}},"hero_kUNjzG":{"type":"hero","settings":{"top_subheading":"","title":"<p>Happy Black History Month!<\/p>","title_size":55,"subheading":"Celebrate black -owned beauty with premium hair and  skin essentials         Don't miss  out-Shop now and save on your favorite items before they're gone!","link":"https:\/\/clorebeauty.com\/collections\/seasonal-sale","link_text":"Shop now","link_2":"","link_text_2":"","color_accent":"#f6dce5","text_align":"vertical-bottom horizontal-left","image":"shopify:\/\/shop_images\/WEB-_Hero_banner_a60f1505-2452-4e8e-a640-7e5d1a27523e.png","overlay_opacity":20}},"hero_H4x443":{"type":"hero","disabled":true,"settings":{"top_subheading":"","title":"<p>Curls and Colour<\/p>","title_size":41,"subheading":"Color your hair with confidence . Don't miss  out shop now and save on you 'er items before they're gone!","link":"https:\/\/clorebeauty.com\/collections\/seasonal-sale","link_text":"Shop now","link_2":"","link_text_2":"","color_accent":"#f6dce5","text_align":"vertical-bottom horizontal-left","image":"shopify:\/\/shop_images\/WEB-_Hero_banner_44.png","overlay_opacity":14}},"hero_9z4Gcz":{"type":"hero","disabled":true,"settings":{"top_subheading":"","title":"<p>Limited Time Offer!<br\/><\/p>","title_size":41,"subheading":"Discover this month's exclusive flyer promotion! Fresh styles,  unbeatable prices, and limited-time offers just for you.     Don't miss  out—shop now and save on your favorite items before they’re gone!","link":"https:\/\/clorebeauty.com\/collections\/seasonal-sale","link_text":"Shop Now","link_2":"","link_text_2":"","color_accent":"#f6dce5","text_align":"vertical-bottom horizontal-left","image":"shopify:\/\/shop_images\/WEB-_Hero_1.png","overlay_opacity":2}},"hero_6Krztn":{"type":"hero","disabled":true,"settings":{"top_subheading":"","title":"<p>25% OFF  BLACK FRIDAY SALE!<br\/><\/p>","title_size":50,"subheading":"Unbeatable deals for a limited time, don't wait! Online & In-Store. On reg. price products. While quantities last. Discount applied at Check Out.","link":"shopify:\/\/collections\/new-arrivals","link_text":"Shop 25% off","link_2":"","link_text_2":"","color_accent":"#ea118d","text_align":"vertical-center horizontal-center","image":"shopify:\/\/shop_images\/WEB-_Hero_banner_17.png","overlay_opacity":0}}},"block_order":["hero_B8z9H6","hero_kUNjzG","hero_H4x443","hero_9z4Gcz","hero_6Krztn"],"custom_css":[],"settings":{"full_width":false,"desktop_size":-20,"mobile_size":30,"style":"arrows","autoplay":true,"autoplay_speed":6}},"slideshow":{"type":"slideshow","disabled":true,"settings":{"full_width":false,"desktop_size":0,"mobile_size":0,"style":"arrows","autoplay":true,"autoplay_speed":5}},"promo_grid_Ea9kcp":{"type":"promo-grid","blocks":{"advanced_JDiQY8":{"type":"advanced","disabled":true,"settings":{"subheading":"limited time","heading":"Save 15% off  Regular  Hair Care items!","textarea":"Find your perfect look today! <br>Use code:  CANADA15","cta_text1":"Shop now","cta_link1":"shopify:\/\/collections\/hair-care","cta_text2":"","cta_link2":"","image":"shopify:\/\/shop_images\/Promotion1_5a6bbfc3-b228-4fc9-b0fd-b9dd9607c164.png","video_url":"","width":"50","height":500,"text_align":"vertical-bottom horizontal-left","color_accent":"#f967ba"}},"advanced_MRWqYR":{"type":"advanced","disabled":true,"settings":{"subheading":"Don't miss out","heading":"SAVE 15% off Regular Hair Extensions!","textarea":"Savings that glow <br>Use code: CANADA15","cta_text1":"Shop now","cta_link1":"shopify:\/\/collections\/hair-extensions","cta_text2":"","cta_link2":"","image":"shopify:\/\/shop_images\/promotion2.png","video_url":"","width":"50","height":400,"text_align":"vertical-bottom horizontal-left","color_accent":"#f967ba"}}},"block_order":["advanced_JDiQY8","advanced_MRWqYR"],"disabled":true,"custom_css":[],"settings":{"full_width":false,"gutter_size":20,"space_above":true,"space_below":true}},"text_columns_3LLGHp":{"type":"text-columns","blocks":{"text_block_C4cxB6":{"type":"text_block","settings":{"enable_image":true,"image":"shopify:\/\/shop_images\/WEB-_RD_beauty.png","image_mask":"none","image_width":650,"title":"Get an EXTRA 10% Off Sitewide – All Makeup Products Included!","text":"<p>Limited-Time Offer! Save 10% on All Makeup Products – Glow for Less! Discount applied at checkout<\/p>","button_label":"Shop Now","button_link":"https:\/\/clorebeauty.com\/collections\/makeup"}},"text_block_8AT93X":{"type":"text_block","disabled":true,"settings":{"enable_image":true,"image":"shopify:\/\/shop_images\/WEB-_Promotion_banner_71.png","image_mask":"none","image_width":650,"title":"Save 20% off All Uncle Funky's Daughter products","text":"<p>Save big on Uncle Funky's Daughter's entire range of hair care essentials. <\/p>","button_label":"Shop now","button_link":"https:\/\/clorebeauty.com\/collections\/vendors?q=Uncle%20Funkys%20Daughter"}},"text_block_CBLdnw":{"type":"text_block","settings":{"enable_image":true,"image":"shopify:\/\/shop_images\/WEB-_Promotion_banner_73.png","image_mask":"none","image_width":650,"title":"Get an EXTRA 10% Off Sitewide – Includes All Hair Care Products!","text":"<p>Stock up on your favorite hair care products and enjoy incredible savings.<\/p>","button_label":"Shop now","button_link":"https:\/\/clorebeauty.com\/collections\/hair-care"}},"text_block_za68wG":{"type":"text_block","disabled":true,"settings":{"enable_image":true,"image":"shopify:\/\/shop_images\/WEB-_Prmotion.png","image_mask":"none","image_width":650,"title":"Celebrate Love & Beauty this Valentine's Day!","text":"<p>Treat yourself or someone special with our curated selection of beauty essentials.<br\/><br\/>  <\/p>","button_label":"Shop now","button_link":"https:\/\/clorebeauty.com\/collections\/valentines-day-gift-idea?page=1"}},"text_block_qHiFg6":{"type":"text_block","settings":{"enable_image":true,"image":"shopify:\/\/shop_images\/WEB-_Promotion_banner_75.png","image_mask":"none","image_width":650,"title":"Get an EXTRA 10% Off Sitewide – All Wig Items Included!","text":"<p>Upgrade Your Style with Gorgeous Wigs at a Discount! Discount applied at checkout<\/p>","button_label":"Learn more","button_link":"https:\/\/clorebeauty.com\/collections\/wigs"}},"text_block_Qa6iWa":{"type":"text_block","disabled":true,"settings":{"enable_image":true,"image":"shopify:\/\/shop_images\/WEB-_Promotion_banner_66.png","image_mask":"none","image_width":650,"title":"Save 15% off Select K-Beauty Products","text":"<p>Unlock the secrets to glowing, radiant skin with 15% off select K-Beauty Products! From hydrating masks to brightening serums, discover the best of Korean skincare and beauty.<\/p>","button_label":"Shop now","button_link":"https:\/\/clorebeauty.com\/collections\/k-beauty"}},"text_block_b6bmKx":{"type":"text_block","disabled":true,"settings":{"enable_image":true,"image":"shopify:\/\/shop_images\/WEB-_Promotion_banner_34.png","image_mask":"none","image_width":650,"title":"Grand Opening: Jarvis Store","text":"<p>Big news, beauty lovers! We are opening our Jarvis and Front St. location on November 14th at 9:30am<\/p>","button_label":"See Flyer","button_link":"shopify:\/\/pages\/jarvis-flyer"}}},"block_order":["text_block_C4cxB6","text_block_8AT93X","text_block_CBLdnw","text_block_za68wG","text_block_qHiFg6","text_block_Qa6iWa","text_block_b6bmKx"],"settings":{"title":"","align_text":"left","divider":false,"color_scheme":"2"}},"2fcc764c-7170-44db-b5ca-207bf6241711":{"type":"promo-grid","blocks":{"template--15452563931317__2fcc764c-7170-44db-b5ca-207bf6241711-1675178651be5a776c-0":{"type":"advanced","settings":{"subheading":"","heading":"","textarea":"","cta_text1":"","cta_link1":"shopify:\/\/blogs\/news\/test-blog","cta_text2":"","cta_link2":"","image":"shopify:\/\/shop_images\/OGX_ARGAN_OIL.png","video_url":"","width":"50","height":560,"text_align":"vertical-center horizontal-center","color_accent":"#ffffff"}},"template--15452563931317__2fcc764c-7170-44db-b5ca-207bf6241711-1675178651be5a776c-1":{"type":"advanced","settings":{"subheading":"","heading":"","textarea":"","cta_text1":"","cta_link1":"https:\/\/clorebeauty.com\/search?type=product%2Carticle&options[prefix]=last&q=Matrix%20Mega%20Sleek*","cta_text2":"","cta_link2":"","image":"shopify:\/\/shop_images\/web_promotion_banner_13.png","video_url":"","width":"50","height":560,"text_align":"vertical-center horizontal-center","color_accent":"#ffffff"}}},"block_order":["template--15452563931317__2fcc764c-7170-44db-b5ca-207bf6241711-1675178651be5a776c-0","template--15452563931317__2fcc764c-7170-44db-b5ca-207bf6241711-1675178651be5a776c-1"],"disabled":true,"custom_css":[],"settings":{"full_width":false,"gutter_size":2,"space_above":false,"space_below":false}},"27e958c3-ba5b-4ad0-9326-7c246c92a6c5":{"type":"hero-video","disabled":true,"settings":{"full_width":false,"title":"","title_size":40,"subheading":"","link_text":"Carnival Sale Page","link":"https:\/\/clorebeauty.com\/collections\/carnival","color_accent":"#ea118d","text_align":"vertical-bottom horizontal-right","video_url":"","overlay_opacity":0,"height":450,"height_mobile":250}},"e7f27582-34f7-46a5-af44-57e64181d753":{"type":"featured-collection","settings":{"title":"Best Selling Products","heading_size":"h2","heading_position":"left","home_featured_products":"best-selling-collection","count":5,"products_per_row":5,"mobile_scrollable":true,"view_all":true,"divider":true}},"slideshow_split_kU8zac":{"type":"slideshow-split","blocks":{"slide_DLFWBe":{"type":"slide","settings":{"top_subheading":"Need a good hair day?","title":"New Arrivals!","title_size":40,"subheading":"Indulge in the latest innovations in hair care - transformative formulas for healthier, more vibrant locks await you!","link":"shopify:\/\/collections\/new-arrivals","link_text":"Shop now","link_2":"","link_text_2":"","text_position":"right","image":"shopify:\/\/shop_images\/new_arrivals.jpg","indent_image":false,"color_scheme":"3"}}},"block_order":["slide_DLFWBe"],"settings":{"full_width":true,"height":450,"height_mobile":450,"style":"arrows","autoplay":true,"autoplay_speed":7}},"1692371570845f39b6":{"type":"apps","blocks":{"8b933324-9f23-488a-9fee-34c374aeb32e":{"type":"shopify:\/\/apps\/judge-me-reviews\/blocks\/medals\/61ccd3b1-a9f2-4160-9fe9-4fec8413e5d8","disabled":true,"settings":{}},"judge_me_reviews_featured_carousel_yCKreH":{"type":"shopify:\/\/apps\/judge-me-reviews\/blocks\/featured_carousel\/61ccd3b1-a9f2-4160-9fe9-4fec8413e5d8","disabled":true,"settings":{"maxwidth":1080}}},"block_order":["8b933324-9f23-488a-9fee-34c374aeb32e","judge_me_reviews_featured_carousel_yCKreH"],"disabled":true,"settings":{"full_width":false,"space_around":true}},"featured_collections_wHYYqh":{"type":"featured-collections","blocks":{"collection_xLRM6H":{"type":"collection","settings":{"collection":"hair-care-essentials","title":""}},"collection_3M6TiE":{"type":"collection","settings":{"collection":"hair-wig-tools","title":""}},"collection_TYtzU9":{"type":"collection","settings":{"collection":"full-wigs-2","title":""}},"collection_kfepdH":{"type":"collection","settings":{"collection":"weave-extensions","title":""}},"collection_UmF6ci":{"type":"collection","settings":{"collection":"hair-care-under-10","title":""}},"collection_aY8cK3":{"type":"collection","settings":{"collection":"braid-extensions","title":""}}},"block_order":["collection_xLRM6H","collection_3M6TiE","collection_TYtzU9","collection_kfepdH","collection_UmF6ci","collection_aY8cK3"],"settings":{"title":"Popular categories","heading_size":"h2","heading_position":"left","divider":false}},"text_columns_zjgrXk":{"type":"text-columns","blocks":{"text_block_eAb8n8":{"type":"text_block","settings":{"enable_image":true,"image":"shopify:\/\/shop_images\/healthy_hair_edges.jpg","image_mask":"none","image_width":350,"title":"Maintain Hair Health While Wearing Wigs or Weaves","text":"<p>Here's how you can ensure your hair stays strong and vibrant underneath your wig or weave.<\/p>","button_label":"Learn more","button_link":"shopify:\/\/blogs\/blog\/how-to-maintain-hair-health-while-wearing-wigs-or-weaves"}},"text_block_PQ9GXz":{"type":"text_block","settings":{"enable_image":true,"image":"shopify:\/\/shop_images\/girl_holding_comb.png","image_mask":"none","image_width":350,"title":"How to Combat Dry & Itchy Scalp","text":"<p>Discover the ultimate solution for dry and itchy scalp with As I Am. Get instant relief and nourishment, leaving your scalp refreshed and revitalized. <\/p>","button_label":"Learn more","button_link":"shopify:\/\/blogs\/blog\/combat-dry-itchy-scalp-with-as-i-am"}},"text_block_QWRybQ":{"type":"text_block","settings":{"enable_image":true,"image":"shopify:\/\/shop_images\/blog_shea_butter_deep_moisturization.jpg","image_mask":"none","image_width":350,"title":"What Are The Benefits Of Shea Butter?","text":"<p>Shea butter is a highly effective moisturizer that penetrates deep into the skin, providing long-lasting hydration.<\/p>","button_label":"Learn more","button_link":"shopify:\/\/blogs\/blog\/what-are-the-benefits-of-shea-butter"}}},"block_order":["text_block_eAb8n8","text_block_PQ9GXz","text_block_QWRybQ"],"settings":{"title":"Tips, Tricks & More","align_text":"left","divider":false,"color_scheme":"3"}},"slideshow_split_LLEHbc":{"type":"slideshow-split","blocks":{"slide_7HwVnX":{"type":"slide","settings":{"top_subheading":"We are here together with you","title":"Cloré in the community","title_size":40,"subheading":"Join us in making a difference! Cloré is dedicated to empowering black youth in the community through meaningful partnerships.","link":"shopify:\/\/pages\/clore-community","link_text":"Learn more","link_2":"","link_text_2":"","text_position":"right","image":"shopify:\/\/shop_images\/girls_smiling_large_d4c29312-7809-48cd-8126-6c34facb86a2.jpg","indent_image":false,"color_scheme":"2"}}},"block_order":["slide_7HwVnX"],"settings":{"full_width":true,"height":450,"height_mobile":450,"style":"arrows","autoplay":true,"autoplay_speed":7}},"30e38434-c814-4907-8a47-4827c64df832":{"type":"newsletter","blocks":{"template--15452563931317__30e38434-c814-4907-8a47-4827c64df832-title-1":{"type":"title","settings":{"title":"Join Our Newsletter","heading_size":"h2"}},"template--15452563931317__30e38434-c814-4907-8a47-4827c64df832-text-1":{"type":"text","settings":{"text":"<p>Subscribe to get special offers, free giveaways, and 10% off coupon code.<\/p><h6>*Please check the spam folder for a confirmation email and report not spam to finish the subscription process<\/h6>"}},"template--15452563931317__30e38434-c814-4907-8a47-4827c64df832-form-1":{"type":"form","settings":{}}},"block_order":["template--15452563931317__30e38434-c814-4907-8a47-4827c64df832-title-1","template--15452563931317__30e38434-c814-4907-8a47-4827c64df832-text-1","template--15452563931317__30e38434-c814-4907-8a47-4827c64df832-form-1"],"settings":{"color_scheme":"3","align_text":"center","image_width":"33","image_mask":"none","image_position":"right","divider":false,"top_padding":true,"bottom_padding":true}},"logo_list_E8dYtG":{"type":"logo-list","blocks":{"logo_image_6BWVCK":{"type":"logo_image","settings":{"image":"shopify:\/\/shop_images\/ampro.webp","link":"shopify:\/\/collections\/ampro"}},"logo_image_AkRRxr":{"type":"logo_image","settings":{"image":"shopify:\/\/shop_images\/mielle-organics.webp","link":"shopify:\/\/collections\/mielle-organics"}},"logo_image_QcFytw":{"type":"logo_image","settings":{"image":"shopify:\/\/shop_images\/outre.webp","link":"shopify:\/\/collections\/outre"}},"logo_image_YK8gb7":{"type":"logo_image","settings":{"image":"shopify:\/\/shop_images\/eco-style.webp","link":"shopify:\/\/collections\/eco-style"}},"logo_image_iKnJDV":{"type":"logo_image","settings":{"image":"shopify:\/\/shop_images\/shea-moisture.webp","link":"shopify:\/\/collections\/vendors-q-sheamoisture"}},"logo_image_T833Hw":{"type":"logo_image","settings":{"image":"shopify:\/\/shop_images\/unnamed.jpg","link":"shopify:\/\/collections\/doux"}}},"block_order":["logo_image_6BWVCK","logo_image_AkRRxr","logo_image_QcFytw","logo_image_YK8gb7","logo_image_iKnJDV","logo_image_T833Hw"],"settings":{"title":"Popular Beauty Brands","heading_size":"h2","heading_position":"left","divider":false}}},"order":["slideshow_Ej3QKH","slideshow","promo_grid_Ea9kcp","text_columns_3LLGHp","2fcc764c-7170-44db-b5ca-207bf6241711","27e958c3-ba5b-4ad0-9326-7c246c92a6c5","e7f27582-34f7-46a5-af44-57e64181d753","slideshow_split_kU8zac","1692371570845f39b6","featured_collections_wHYYqh","text_columns_zjgrXk","slideshow_split_LLEHbc","30e38434-c814-4907-8a47-4827c64df832","logo_list_E8dYtG"]}