{"sections":{"c212f23a-1ce3-4dc8-bd44-f71aea9b0953":{"type":"featured-collections","blocks":{"d23cb2d4-d4f5-4721-b044-44edae62fb18":{"type":"collection","settings":{"collection":"wigs","title":""}},"template--15452563996853__c212f23a-1ce3-4dc8-bd44-f71aea9b0953-16669727529c9eea06-2":{"type":"collection","settings":{"collection":"hair-care","title":""}},"template--15452563996853__c212f23a-1ce3-4dc8-bd44-f71aea9b0953-16669727529c9eea06-5":{"type":"collection","settings":{"collection":"hair-extensions","title":""}},"template--15452563996853__c212f23a-1ce3-4dc8-bd44-f71aea9b0953-16669727529c9eea06-1":{"type":"collection","settings":{"collection":"makeup","title":""}},"template--15452563996853__c212f23a-1ce3-4dc8-bd44-f71aea9b0953-16669727529c9eea06-4":{"type":"collection","settings":{"collection":"skin-care","title":""}},"template--15452563996853__c212f23a-1ce3-4dc8-bd44-f71aea9b0953-16669727529c9eea06-3":{"type":"collection","settings":{"collection":"hair-tools","title":""}},"template--15452563996853__c212f23a-1ce3-4dc8-bd44-f71aea9b0953-16669727529c9eea06-0":{"type":"collection","settings":{"collection":"accessory","title":""}}},"block_order":["d23cb2d4-d4f5-4721-b044-44edae62fb18","template--15452563996853__c212f23a-1ce3-4dc8-bd44-f71aea9b0953-16669727529c9eea06-2","template--15452563996853__c212f23a-1ce3-4dc8-bd44-f71aea9b0953-16669727529c9eea06-5","template--15452563996853__c212f23a-1ce3-4dc8-bd44-f71aea9b0953-16669727529c9eea06-1","template--15452563996853__c212f23a-1ce3-4dc8-bd44-f71aea9b0953-16669727529c9eea06-4","template--15452563996853__c212f23a-1ce3-4dc8-bd44-f71aea9b0953-16669727529c9eea06-3","template--15452563996853__c212f23a-1ce3-4dc8-bd44-f71aea9b0953-16669727529c9eea06-0"],"settings":{"title":"Shop","divider":false}},"main":{"type":"list-collections-template","disabled":true,"settings":{"title_enable":true,"display_type":"selected","sort":"alphabetical"}},"logo-list":{"type":"logo-list","blocks":{"logo1":{"type":"logo_image","settings":{"image":"shopify:\/\/shop_images\/UFD-Logo-Cloud_Brownandwhite.png","link":"https:\/\/clorebeauty.com\/collections\/vendors?q=Uncle%20Funkys%20Daughter"}},"logo2":{"type":"logo_image","settings":{"image":"shopify:\/\/shop_images\/outre.webp","link":"shopify:\/\/collections\/outre"}},"logo3":{"type":"logo_image","settings":{"image":"shopify:\/\/shop_images\/shea-moisture.webp","link":"https:\/\/clorebeauty.com\/collections\/vendors?q=SheaMoisture"}},"logo4":{"type":"logo_image","settings":{"image":"shopify:\/\/shop_images\/Kinky-Curly-Logo.jpg","link":"shopify:\/\/collections\/kinky-curly"}},"logo5":{"type":"logo_image","settings":{"image":"shopify:\/\/shop_images\/mielle-organics.webp","link":"shopify:\/\/collections\/mielle-organics"}},"logo6":{"type":"logo_image","settings":{"image":"shopify:\/\/shop_images\/unnamed.jpg","link":"shopify:\/\/collections\/doux"}}},"block_order":["logo1","logo2","logo3","logo4","logo5","logo6"],"settings":{"title":"Our brands","divider":false}}},"order":["c212f23a-1ce3-4dc8-bd44-f71aea9b0953","main","logo-list"]}