{"sections":{"8f871a06-909c-483c-8f19-543f8791e031":{"type":"background-image-text","disabled":true,"settings":{"subtitle":"","title":"Our mission to give back to those who support us!","text":"<p>From the beginning, Cloré Beauty has always taken initiative to reinvest into the Black Community. Utilize the links below to explore our past and current initaitves, as well as resources!<\/p><p>You can also share any feedback that you may have and we will get back to you as soon as possible. ♡<\/p>","button_label":"","button_link":"","image":"shopify:\/\/shop_images\/Shopify_Clore_Community_Banner_6.png","layout":"right","height":550,"parallax":false}},"main":{"type":"main-page","settings":{}},"81df971f-dad8-4ed1-a58e-f046757b80d5":{"type":"text-columns","blocks":{"4ac10455-7d5d-4438-8dea-f113dba40cd9":{"type":"text_block","settings":{"enable_image":true,"image":"shopify:\/\/shop_images\/7_26915b36-0587-465b-8aaa-cade4b20b90b.png","image_width":650,"title":"","text":"","button_label":"","button_link":"https:\/\/clorebeauty.com\/pages\/commitment-to-change"}},"738a813b-c301-441e-bb4f-a326ed1040c8":{"type":"text_block","settings":{"enable_image":true,"image":"shopify:\/\/shop_images\/1_c1570e84-95d4-4a0c-8369-b1eaca46da5c.png","image_width":650,"title":"","text":"","button_label":"","button_link":"https:\/\/clorebeauty.com\/pages\/current-sponsorships"}},"template--15452564029621__81df971f-dad8-4ed1-a58e-f046757b80d5-text_block-1":{"type":"text_block","settings":{"enable_image":true,"image":"shopify:\/\/shop_images\/2_34e08553-9f19-4877-90ec-453bbb8b6228.png","image_width":650,"title":"","text":"","button_label":"","button_link":"https:\/\/clorebeauty.com\/pages\/donations"}},"9ed6e8bb-5a6e-4c1e-9c9c-9215065987fd":{"type":"text_block","settings":{"enable_image":true,"image":"shopify:\/\/shop_images\/4_62a59682-5b1a-4ac9-8e48-9671c382a3dc.png","image_width":650,"title":"","text":"","button_label":"","button_link":"https:\/\/clorebeauty.com\/collections\/black-owned-brands-clorecarriesit"}},"template--15452564029621__81df971f-dad8-4ed1-a58e-f046757b80d5-text_block-2":{"type":"text_block","settings":{"enable_image":true,"image":"shopify:\/\/shop_images\/3_1a2db224-a501-439d-a5ad-4e82a128f204.png","image_width":650,"title":"","text":"","button_label":"","button_link":"https:\/\/clorebeauty.com\/blogs\/blog"}},"template--15452564029621__81df971f-dad8-4ed1-a58e-f046757b80d5-text_block-3":{"type":"text_block","settings":{"enable_image":true,"image":"shopify:\/\/shop_images\/5_52778941-f7d4-4353-9d08-9c726d159a1c.png","image_width":650,"title":"","text":"","button_label":"","button_link":"https:\/\/clorebeauty.com\/pages\/community-resources"}}},"block_order":["4ac10455-7d5d-4438-8dea-f113dba40cd9","738a813b-c301-441e-bb4f-a326ed1040c8","template--15452564029621__81df971f-dad8-4ed1-a58e-f046757b80d5-text_block-1","9ed6e8bb-5a6e-4c1e-9c9c-9215065987fd","template--15452564029621__81df971f-dad8-4ed1-a58e-f046757b80d5-text_block-2","template--15452564029621__81df971f-dad8-4ed1-a58e-f046757b80d5-text_block-3"],"disabled":true,"settings":{"title":"","align_text":"left","divider":false,"color_scheme":"none"}},"5eba08c7-81b8-481a-993d-9df58129ddeb":{"type":"slideshow","blocks":{"template--15452564029621__5eba08c7-81b8-481a-993d-9df58129ddeb-hero-1":{"type":"hero","settings":{"top_subheading":"","title":"","title_size":70,"subheading":"","link":"","link_text":"","link_2":"https:\/\/clorebeauty.com\/pages\/clore-community","link_text_2":"","color_accent":"#ffffff","text_align":"vertical-bottom horizontal-left","image":"shopify:\/\/shop_images\/Shopify_Clore_Community_Banner_5.png","overlay_opacity":0}}},"block_order":["template--15452564029621__5eba08c7-81b8-481a-993d-9df58129ddeb-hero-1"],"disabled":true,"settings":{"full_width":true,"desktop_size":0,"mobile_size":0,"style":"arrows","autoplay":true,"autoplay_speed":7}},"56f5434a-5a2a-4f33-ae70-95ab288504f4":{"type":"slideshow-image","blocks":{"template--15452564029621__56f5434a-5a2a-4f33-ae70-95ab288504f4-image-1":{"type":"image","settings":{"link":"","image":"shopify:\/\/shop_images\/Clore_Community_Page_Banner_a66e4ae8-53d5-4e59-84f9-969e7f8158db.png"}},"template--15452564029621__56f5434a-5a2a-4f33-ae70-95ab288504f4-image-2":{"type":"image","settings":{"link":""}}},"block_order":["template--15452564029621__56f5434a-5a2a-4f33-ae70-95ab288504f4-image-1","template--15452564029621__56f5434a-5a2a-4f33-ae70-95ab288504f4-image-2"],"disabled":true,"settings":{"full_width":false,"style":"arrows","autoplay":true,"autoplay_speed":7}}},"order":["8f871a06-909c-483c-8f19-543f8791e031","main","81df971f-dad8-4ed1-a58e-f046757b80d5","5eba08c7-81b8-481a-993d-9df58129ddeb","56f5434a-5a2a-4f33-ae70-95ab288504f4"]}