{"sections":{"main":{"type":"main-page","disabled":true,"settings":{}},"6d155407-256d-4442-ad0d-50115d548e2c":{"type":"rich-text","blocks":{"template--15693173555381__6d155407-256d-4442-ad0d-50115d548e2c-16650759671e29d7d2-0":{"type":"heading","settings":{"title":"Careers"}},"template--15693173555381__6d155407-256d-4442-ad0d-50115d548e2c-16650759671e29d7d2-1":{"type":"text","settings":{"enlarge_text":false,"text":"<p>We are currently hiring in the following positions<\/p>"}},"51e0f756-43e3-4c6b-b6cd-dcf6475b3942":{"type":"button","settings":{"link":"shopify:\/\/pages\/beauty-advisor-app-from","link_text":"Junior Beauty Advisor"}},"313f14e2-8237-4196-a091-381ddd873fbd":{"type":"button","settings":{"link":"shopify:\/\/pages\/inventory-clerk","link_text":"Inventory Clerk"}},"90f776d7-c15b-4d7d-abe3-17cbc69d7647":{"type":"text","settings":{"enlarge_text":true,"text":"<p><strong>Thank you for your interest in working with Cloré!<\/strong><\/p>"}}},"block_order":["template--15693173555381__6d155407-256d-4442-ad0d-50115d548e2c-16650759671e29d7d2-0","template--15693173555381__6d155407-256d-4442-ad0d-50115d548e2c-16650759671e29d7d2-1","51e0f756-43e3-4c6b-b6cd-dcf6475b3942","313f14e2-8237-4196-a091-381ddd873fbd","90f776d7-c15b-4d7d-abe3-17cbc69d7647"],"settings":{"align_text":"center","narrow_column":true,"color_scheme":"none","divider":false}}},"order":["main","6d155407-256d-4442-ad0d-50115d548e2c"]}