{"sections":{"main":{"type":"main-page","disabled":true,"settings":{}},"faq":{"type":"faq","blocks":{"faq-1":{"type":"question","settings":{"title":"Q: Why is the delivery of my order delayed?","text":"<p><strong>A:<\/strong> Orders are currently processed within 1-3 business days. Once your order is shipped, packages can be expected to experience some degree of delays during this time. Due to Covid, Canada Post has had to implement safety measures while also timely responding to the heavy holiday parcel volume this season. If you continue to have problems with the delivery of your order, you may use our <a href=\"\/pages\/contact\" title=\"Contact Us\"><strong>Contact Us Form<\/strong><\/a>. <\/p>"}},"faq-4":{"type":"question","settings":{"title":"Q: Why can't I see the process or status of my order?","text":"<p><strong>A:<\/strong>  Please keep in mind that our office hours are Monday - Friday from 9 AM - 5 PM and all orders are processed within <strong>1 - 3 business days.<\/strong> You may be ensured that if you received the “Order Confirmation” email, your order has been received and is in line for processing. After the “Order Confirmation” email, we do not contact you unless there is a change in your order or it has been shipped. Then you will receive a “Confirmation of Shipment” email from the shipping carrier. You will get a tracking number after we have processed your order.<\/p><p>Thank you for your patience.<\/p>"}},"962937f0-2be3-4e0b-9e32-9ec870fd0811":{"type":"question","settings":{"title":"Q: Orders are not going through after I checkout?","text":"<p><strong>A: <\/strong>We are sorry to hear that you are having trouble placing an order on our website. Our website seems to be working as we are currently receiving new orders. We have heard that the loading symbol will show up and does not go away when these issues occur. <\/p><p>The following are reasons why our customers in the past have had trouble placing an order on our website:<\/p><p>The device being used to place the order may be restricting function or may not have a stable connection.Billing information does not match the information that is registered on the payment card.Using a Visa\/MasterCard debit card that is not accepted on our website (i.e BMO MasterCard Debit)The web browser you are using may not be allowing you to complete your order. Please try a different browser.<\/p><p> If none of the above applies to you, please try clearing your cache\/browsing data and placing the order again or try a different browser.<\/p><p>Please let us know if you have been successful in placing an order.<\/p>"}},"2b3acb30-fe63-4c3c-80a4-c614190e760e":{"type":"question","settings":{"title":"Q: What if I paid for Xpresspost shipping?","text":"<p><strong>A: <\/strong>All of our orders are processed within 1 - 3 business days regardless of the shipping method.<\/p><p>Please keep in mind that paying for Xpresspost shipping ensures a faster <strong>delivery<\/strong> time with Canada Post.<\/p><p>The shipping method does not affect the processing time of the business you are ordering from.<\/p>"}},"17fcf137-d103-4d70-b99c-b1f3808bbf6c":{"type":"question","settings":{"title":"Q: Can I make changes to my order once it's been placed?","text":"<p><strong>A: <\/strong>Unfortunately once an order has been placed, there can be no changes made to the order. The order would have to be cancelled, refunded in full and a new order must be placed. For changes regarding your order information (e.g., address, name, number) you may submit our “<a href=\"\/pages\/contact\" title=\"Contact Us\"><strong>Contact Us - Online Order Form<\/strong><\/a>” with the relevant fields for assistance.<\/p>"}},"d38e357a-8bdb-4709-b9bc-071b3fbb7b7c":{"type":"question","settings":{"title":"Q: When will you get more stock?","text":"<p><strong>A:<\/strong> Due to many closures, we are not able to guarantee restocking of our inventory. We are working closely with our vendors to replenish our stock. You may click “Notify when in stock” located on the product page of the out of stock item.<\/p>"}},"39f51ad0-6ff3-4e6a-9eef-e9099fcf7aa3":{"type":"question","settings":{"title":"Q: “I called\/emailed and received no response”","text":"<p><strong>A: <\/strong>Please keep in mind that our office hours are Monday - Friday from 9 AM - 5 PM. Please allow 1-2 business days to receive a response to either your email or voicemail. We have prioritized our inbox based on urgency and will respond as soon as we can. We truly appreciate your patience.<\/p>"}},"ffe3328f-c9c8-4ed0-a2b7-e7ffa9493ac2":{"type":"question","settings":{"title":"Q: Why can’t I find what I want online?","text":"<p><strong>A:<\/strong> Currently, our stores have more options than we do, but we are working on uploading new products to our website. Feel free to send us suggestions of products you would like to see on our website to <a href=\"mailto:weborders@clorebeauty.com\"><strong>weborders@clorebeauty.com<\/strong><\/a> with a subject line of “I would <strong>love <\/strong>to see …. online”<\/p>"}},"28a4b9c7-ca42-477f-bf5e-02132cedcb39":{"type":"question","settings":{"title":"Q: Can I use my gift card online?","text":"<p><strong>A: <\/strong>Due to system differences, our website cannot receive gift cards as a form of payment. Gift cards do not expire, so you may save it for a future store purchase. We are looking for new ways to improve our website, so this may be a feature in the future.<\/p>"}},"92d03c34-fe51-425a-ae0c-0b08b5a1248d":{"type":"question","settings":{"title":"Q: Can I earn cliq points online?","text":"<p><strong>A:<\/strong> Due to system differences, our cliq points are only available in store. We are looking for new ways to improve our website, so this may be a feature in the future.<\/p>"}},"e24be4cd-1d7b-4be3-a075-87af2b58b866":{"type":"question","settings":{"title":"Q: I requested a refund, when will I get it back on my account?","text":"<p><strong>A: <\/strong>It could take up to 5 business days for you to receive the funds once you receive a confirmation email of the credit memo. We are only able to refund to the card that was used to pay for the purchase.<\/p>"}},"5a21cb07-6f06-4f81-9d6a-1178e6b5c085":{"type":"question","settings":{"title":"Q: I requested a refund, but my card is no longer active. What are my options?","text":"<p><strong>A:<\/strong> Our system only allows for refunds to the same method of purchase. We are unable to change any personal information due to security issues. You may get an exchange instead of a refund.<\/p>"}},"f02a2094-0444-484f-b480-1321db31a33e":{"type":"question","settings":{"title":"Q: I have a concern regarding an in-store experience\/purchase, who do I contact regarding this matter?","text":"<p><strong>A:<\/strong>Please email all of your concerns regarding an experience or purchase at one of our retail locations to our Customer Care department. You will be able to reach them at the following email address: <a href=\"mailto:customer.care@clorebeauty.com\"><strong>customer.care@clorebeauty.com<\/strong><\/a><\/p>"}}},"block_order":["faq-1","faq-4","962937f0-2be3-4e0b-9e32-9ec870fd0811","2b3acb30-fe63-4c3c-80a4-c614190e760e","17fcf137-d103-4d70-b99c-b1f3808bbf6c","d38e357a-8bdb-4709-b9bc-071b3fbb7b7c","39f51ad0-6ff3-4e6a-9eef-e9099fcf7aa3","ffe3328f-c9c8-4ed0-a2b7-e7ffa9493ac2","28a4b9c7-ca42-477f-bf5e-02132cedcb39","92d03c34-fe51-425a-ae0c-0b08b5a1248d","e24be4cd-1d7b-4be3-a075-87af2b58b866","5a21cb07-6f06-4f81-9d6a-1178e6b5c085","f02a2094-0444-484f-b480-1321db31a33e"],"settings":{"title":"FAQs"}}},"order":["main","faq"]}