{"sections":{"main":{"type":"main-page","disabled":true,"settings":{}},"slideshow":{"type":"slideshow","blocks":{"slideshow-0":{"type":"hero","settings":{"link_text":""}}},"block_order":["slideshow-0"],"settings":{}},"rich-text":{"type":"rich-text","blocks":{"heading":{"type":"heading","settings":{}},"text":{"type":"text","settings":{}}},"block_order":["heading","text"],"settings":{"color_scheme":"none"}},"map":{"type":"map","settings":{}},"text-columns":{"type":"text-columns","blocks":{"column1":{"type":"text_block","settings":{}},"column2":{"type":"text_block","settings":{}},"column3":{"type":"text_block","settings":{}}},"block_order":["column1","column2","column3"],"settings":{}},"featured-collection":{"type":"featured-collection","settings":{}},"form":{"type":"contact-form","settings":{"color_scheme":"none"}}},"order":["main","slideshow","rich-text","text-columns","map","featured-collection","form"]}