{"sections":{"8f871a06-909c-483c-8f19-543f8791e031":{"type":"background-image-text","disabled":true,"settings":{"subtitle":"","title":"Our mission to give back to those who support us!","text":"\u003cp\u003eFrom the beginning, Cloré Beauty has always taken initiative to reinvest into the Black Community. Utilize the links below to explore our past and current initaitves, as well as resources!\u003c\/p\u003e\u003cp\u003eYou can also share any feedback that you may have and we will get back to you as soon as possible. ♡\u003c\/p\u003e","button_label":"","button_link":"","image":"shopify:\/\/shop_images\/Shopify_Clore_Community_Banner_6.png","layout":"right","height":550,"parallax":false,"parallax_direction":"top"}},"main":{"type":"main-page","disabled":true,"settings":{}},"172597989068b0a6a4":{"type":"apps","blocks":{"judge_me_reviews_all_reviews_page_YiWb7m":{"type":"shopify:\/\/apps\/judge-me-reviews\/blocks\/all_reviews_page\/61ccd3b1-a9f2-4160-9fe9-4fec8413e5d8","settings":{}}},"block_order":["judge_me_reviews_all_reviews_page_YiWb7m"],"settings":{"full_width":false,"space_around":true}}},"order":["8f871a06-909c-483c-8f19-543f8791e031","main","172597989068b0a6a4"]}