{"sections":{"main":{"type":"main-page","disabled":true,"settings":{}},"387ede9f-4aac-4f30-8730-2cf87b621921":{"type":"faq","blocks":{"2c15491e-14d5-458b-a327-0653ed12a75d":{"type":"rich-text","settings":{"title":"","text":"<p>This policy covers how we use your personal information. We take your privacy SERIOUSLY and will take all measures to protect your personal information.<\/p>","align_text":"left"}},"template--15693129842869__387ede9f-4aac-4f30-8730-2cf87b621921-16650697201d4dbff5-0":{"type":"question","settings":{"title":"What Information Do We Collect?","text":"<p>We only collect information that we need that is related to your order. This includes your:<br\/>– Billing Address<br\/>– Shipping Address<br\/>– Email Address<br\/>– Credit Card Information<\/p><p>In addition we also collect information on your IP address, browser type, and Refer URL data. We use this data to prevent hacking attempts, help us know what web browsers people are using, and find out where our visitors are coming from so that we can improve our marketing.<\/p>"}},"template--15693129842869__387ede9f-4aac-4f30-8730-2cf87b621921-16650697201d4dbff5-1":{"type":"question","settings":{"title":"How Is My Information Used?","text":"<p>Your information is only used to fill your order. If you have signed up for our newsletter, it will also be used for marketing purposes. We do not sell or redistribute your information to ANYONE.<\/p>"}},"95c2df81-37c8-44a7-a0b8-16be47c4422f":{"type":"question","settings":{"title":"Security and Storage","text":"<p>Only your order data billing, shipping, and order contents data is stored on our server. This information is encrypted using a Secure Sockets Layer before it is transmitted over a web server. We do not store your Credit Card data.<\/p>"}},"2a69e502-c347-4b36-a456-0170ec4d09c9":{"type":"question","settings":{"title":"Cookies and Browser Information","text":"<p>Cookies are small files that reside on your computer and allow us to recognize you on your next visit or store your shopping cart contents. We use them only to track this information.<\/p>"}}},"block_order":["2c15491e-14d5-458b-a327-0653ed12a75d","template--15693129842869__387ede9f-4aac-4f30-8730-2cf87b621921-16650697201d4dbff5-0","template--15693129842869__387ede9f-4aac-4f30-8730-2cf87b621921-16650697201d4dbff5-1","95c2df81-37c8-44a7-a0b8-16be47c4422f","2a69e502-c347-4b36-a456-0170ec4d09c9"],"settings":{"title":"Privacy Policy"}}},"order":["main","387ede9f-4aac-4f30-8730-2cf87b621921"]}