{"sections":{"shogun-helper":{"type":"shogun-helper","settings":{}},"shogun-above":{"type":"shogun-above","settings":{}},"main":{"type":"main-product","blocks":{"title_Jf79Mx":{"type":"title","settings":{"vendor_enable":true,"sku_enable":true}},"text_RQFaRt":{"type":"text","disabled":true,"settings":{"text":"Made {{ product.metafields.custom.sub_brand.value }}"}},"variant_picker":{"type":"variant_picker","settings":{"variant_labels":true,"picker_type":"button","product_dynamic_variants_enable":true,"color_swatches":true}},"877758a0-baca-4813-ba70-a04ff1c99da8":{"type":"quantity_selector","settings":{}},"price":{"type":"price","settings":{}},"afterpay_on_site_messaging_payments_messaging_DX4Api":{"type":"shopify:\/\/apps\/afterpay-on-site-messaging\/blocks\/payments-messaging\/f45a5524-d177-4475-bf59-281efd2215a8","settings":{"text_align":"inherit","margin_top":16,"margin_bottom":16,"color":"","size":"md","intro_text":"or","show_interest_free":true,"payment_amount_is_bold":true,"show_with":true,"logo_type":"badge","logo_theme":"black-on-mint","modal_link_style":"circled-info-icon","modal_theme":"mint","breakpoint":749,"text_align_mobile":"inherit","margin_top_mobile":16,"margin_bottom_mobile":16,"show_lower_limit":true,"show_upper_limit":true,"show_if_outside_limits":true,"product":"{{product}}"}},"inventory_status":{"type":"inventory_status","settings":{"inventory_threshold":10,"inventory_transfers_enable":true}},"buy_buttons":{"type":"buy_buttons","settings":{"show_dynamic_checkout":false,"surface_pickup_enable":false,"show_gift_card_recipient":false}},"sales_point4":{"type":"sales_point","settings":{"icon":"shield","text":"Secure payments"}},"18e77821-4b2e-4e30-8554-f8ebbfcc683e":{"type":"share","settings":{}}},"block_order":["title_Jf79Mx","text_RQFaRt","variant_picker","877758a0-baca-4813-ba70-a04ff1c99da8","price","afterpay_on_site_messaging_payments_messaging_DX4Api","inventory_status","buy_buttons","sales_point4","18e77821-4b2e-4e30-8554-f8ebbfcc683e"],"settings":{"image_position":"left","image_container_size":"small","product_image_size":"natural","product_zoom_enable":true,"thumbnail_position":"below","thumbnail_height":"flexible","thumbnail_arrows":true,"mobile_layout":"partial","enable_video_looping":true,"product_video_style":"muted"}},"sub":{"type":"product-full-width","blocks":{"description":{"type":"description","settings":{"is_tab":false}},"metafields_guru_text_KcQxRf":{"type":"shopify:\/\/apps\/metafields-guru\/blocks\/text\/79c9df68-85d5-4857-a386-0d96fc22b663","settings":{"title":"Ingredients","mn":"product","mk":"ingredients","from_shop":false,"color":"#000000","bg":"","text_style":"bold","design":"ul","gap":4,"plv":0,"plh":0,"corner_radius":0,"border_size":0,"border_style":"solid","pf":"<p><strong>Ingredients: <\/strong><\/p>","sf":"","display_units":true,"pt":0,"pb":0,"cc":""}},"contact":{"type":"contact","settings":{"title":"Ask a question","phone":false}}},"block_order":["description","metafields_guru_text_KcQxRf","contact"],"settings":{"max_width":true}},"recommendations":{"type":"product-recommendations","settings":{"product_recommendations_heading":"You may also like","related_count":5,"products_per_row":5}},"loox-product-reviews-app-section":{"type":"apps","blocks":{"4f9e5707-43be-4536-b5d4-d8f1d77faf64":{"type":"shopify:\/\/apps\/judge-me-reviews\/blocks\/verified_badge\/61ccd3b1-a9f2-4160-9fe9-4fec8413e5d8","disabled":true,"settings":{}},"704defa5-457d-4075-bdce-04a80d41f144":{"type":"shopify:\/\/apps\/judge-me-reviews\/blocks\/review_widget\/61ccd3b1-a9f2-4160-9fe9-4fec8413e5d8","settings":{}}},"block_order":["4f9e5707-43be-4536-b5d4-d8f1d77faf64","704defa5-457d-4075-bdce-04a80d41f144"],"settings":{"full_width":false,"space_around":true}},"1714135354dbee06c1":{"type":"apps","settings":{"full_width":false,"space_around":true}},"more-products-vendor":{"type":"more-products-vendor","disabled":true,"settings":{"products_per_row":5,"max_products":5}},"more-products-collection":{"type":"more-products-collection","settings":{"products_per_row":5,"max_products":5}},"recently-viewed":{"type":"recently-viewed","settings":{}},"collection-return":{"type":"collection-return","disabled":true,"settings":{"color_scheme":"2"}},"shogun-below":{"type":"shogun-below","settings":{}},"shogun-optimizer":{"type":"shogun-optimizer","settings":{}}},"order":["shogun-helper","shogun-above","main","sub","recommendations","loox-product-reviews-app-section","1714135354dbee06c1","more-products-vendor","more-products-collection","recently-viewed","collection-return","shogun-below","shogun-optimizer"]}