{"sections":{"main":{"type":"main-product","blocks":{"title_mdUmr3":{"type":"title","settings":{"vendor_enable":true,"sku_enable":true}},"85720286-f30f-483d-acd3-ffc3d9d49d57":{"type":"shopify:\/\/apps\/judge-me-reviews\/blocks\/preview_badge\/61ccd3b1-a9f2-4160-9fe9-4fec8413e5d8","settings":{}},"variant_picker":{"type":"variant_picker","settings":{"variant_labels":true,"picker_type":"dropdown","product_dynamic_variants_enable":true,"color_swatches":true}},"9df3a597-5b51-401b-84b7-b7a5e19e72e1":{"type":"quantity_selector","settings":{}},"price":{"type":"price","settings":{}},"c19ca1b1-d412-4a57-a6b2-3441e8be18a0":{"type":"description","disabled":true,"settings":{"is_tab":false}},"inventory_status":{"type":"inventory_status","settings":{"inventory_threshold":10,"inventory_transfers_enable":true}},"custom_iRVMt8":{"type":"custom","settings":{"code":"<a href=\"\/policies\/shipping-policy\"><u>Shipping<\/u><\/a> calculated at checkout."}},"buy_buttons":{"type":"buy_buttons","settings":{"show_dynamic_checkout":false,"surface_pickup_enable":false,"show_gift_card_recipient":false}},"sales_point4":{"type":"sales_point","settings":{"icon":"shield","text":"Secure payments"}},"876d811c-4698-4c33-836c-756dfecf9d30":{"type":"share","settings":{}}},"block_order":["title_mdUmr3","85720286-f30f-483d-acd3-ffc3d9d49d57","variant_picker","9df3a597-5b51-401b-84b7-b7a5e19e72e1","price","c19ca1b1-d412-4a57-a6b2-3441e8be18a0","inventory_status","custom_iRVMt8","buy_buttons","sales_point4","876d811c-4698-4c33-836c-756dfecf9d30"],"settings":{"image_position":"left","image_container_size":"small","product_image_size":"square","product_zoom_enable":true,"thumbnail_position":"below","thumbnail_height":"flexible","thumbnail_arrows":true,"mobile_layout":"partial","enable_video_looping":true,"product_video_style":"muted"}},"sub":{"type":"product-full-width","blocks":{"description":{"type":"description","settings":{"is_tab":false}},"contact":{"type":"contact","settings":{"title":"Ask a question","phone":false}}},"block_order":["description","contact"],"settings":{"max_width":true}},"16923038013135613f":{"type":"apps","blocks":{"fb1fe3cb-70f7-4fb7-91db-d2aad914fa90":{"type":"shopify:\/\/apps\/judge-me-reviews\/blocks\/review_widget\/61ccd3b1-a9f2-4160-9fe9-4fec8413e5d8","settings":{}}},"block_order":["fb1fe3cb-70f7-4fb7-91db-d2aad914fa90"],"settings":{"full_width":false,"space_around":true}},"recommendations":{"type":"product-recommendations","settings":{"product_recommendations_heading":"You may also like","related_count":5,"products_per_row":5}},"more-products-vendor":{"type":"more-products-vendor","settings":{"products_per_row":5,"max_products":5}},"more-products-collection":{"type":"more-products-collection","settings":{"products_per_row":3,"max_products":5}},"recently-viewed":{"type":"recently-viewed","settings":{}},"collection-return":{"type":"collection-return","settings":{"color_scheme":"2"}}},"order":["main","sub","16923038013135613f","recommendations","more-products-vendor","more-products-collection","recently-viewed","collection-return"]}