{"layout":false,"sections":{"main":{"type":"main-product","settings":{}},"collection-return":{"type":"collection-return","settings":{}},"recently-viewed":{"type":"recently-viewed","settings":{}},"more-products-collection":{"type":"more-products-collection","settings":{}},"more-products-vendor":{"type":"more-products-vendor","settings":{}},"recommendations":{"type":"product-recommendations","settings":{}},"sub":{"type":"product-full-width","blocks":{"description":{"type":"description","settings":{"is_tab":true}},"tab":{"type":"tab","settings":{}},"contact":{"type":"contact","settings":{}}},"block_order":["description","tab","contact"],"settings":{}}},"order":["main","sub","collection-return","recommendations","recently-viewed","more-products-vendor","more-products-collection"]}