{"sections":{"main":{"type":"main-product","blocks":{"variant_picker":{"type":"variant_picker","settings":{"variant_labels":true,"picker_type":"button","color_swatches":true}},"877758a0-baca-4813-ba70-a04ff1c99da8":{"type":"quantity_selector","settings":{}},"price":{"type":"price","settings":{}},"sales_point4":{"type":"sales_point","settings":{"icon":"lock","text":"Secure payments"}},"inventory_status":{"type":"inventory_status","settings":{"inventory_threshold":10,"inventory_transfers_enable":true}},"buy_buttons":{"type":"buy_buttons","settings":{"show_dynamic_checkout":true,"surface_pickup_enable":true}},"18e77821-4b2e-4e30-8554-f8ebbfcc683e":{"type":"share","settings":{}}},"block_order":["variant_picker","877758a0-baca-4813-ba70-a04ff1c99da8","price","sales_point4","inventory_status","buy_buttons","18e77821-4b2e-4e30-8554-f8ebbfcc683e"],"settings":{"image_position":"left","image_container_size":"small","product_image_size":"square","product_zoom_enable":true,"thumbnail_position":"below","thumbnail_arrows":false,"mobile_layout":"partial","enable_video_looping":true,"product_video_style":"muted"}},"sub":{"type":"product-full-width","blocks":{"description":{"type":"description","settings":{"is_tab":true}},"contact":{"type":"contact","settings":{"title":"Ask a question","phone":false}}},"block_order":["description","contact"],"settings":{"max_width":true}},"recommendations":{"type":"product-recommendations","settings":{"product_recommendations_heading":"You may also like"}},"more-products-vendor":{"type":"more-products-vendor","disabled":true,"settings":{}},"more-products-collection":{"type":"more-products-collection","settings":{}},"recently-viewed":{"type":"recently-viewed","settings":{}},"collection-return":{"type":"collection-return","settings":{"color_scheme":"2"}}},"order":["main","sub","recommendations","more-products-vendor","more-products-collection","recently-viewed","collection-return"]}