{"sections":{"main":{"type":"main-product","blocks":{"variant_picker":{"type":"variant_picker","settings":{"variant_labels":true,"picker_type":"dropdown","color_swatches":false}},"price":{"type":"price","settings":{}},"sales_point":{"type":"sales_point","settings":{"icon":"globe","text":"Free worldwide shipping"}},"sales_point2":{"type":"sales_point","settings":{"icon":"truck","text":"Free returns"}},"sales_point3":{"type":"sales_point","settings":{"icon":"leaf","text":"Carbon neutral"}},"sales_point4":{"type":"sales_point","settings":{"icon":"lock","text":"Secure payments"}},"inventory_status":{"type":"inventory_status","settings":{"inventory_threshold":10,"inventory_transfers_enable":true}},"buy_buttons":{"type":"buy_buttons","settings":{"show_dynamic_checkout":true,"surface_pickup_enable":true}}},"block_order":["variant_picker","price","sales_point","sales_point2","sales_point3","sales_point4","inventory_status","buy_buttons"],"settings":{"image_position":"left","image_container_size":"small","product_image_size":"square","product_zoom_enable":true,"thumbnail_position":"below","thumbnail_arrows":false,"mobile_layout":"partial","enable_video_looping":true,"product_video_style":"muted"}},"sub":{"type":"product-full-width","blocks":{"description":{"type":"description","settings":{"is_tab":true}},"tab":{"type":"tab","settings":{"title":"Shipping information","content":"<p>Use collapsible tabs for more detailed information that will help customers make a purchasing decision.<\/p><p>Ex: Shipping and return policies, size guides, and other common questions.<\/p>","page":""}},"contact":{"type":"contact","settings":{"title":"Ask a question","phone":false}}},"block_order":["description","tab","contact"],"settings":{"max_width":true}},"recommendations":{"type":"product-recommendations","settings":{"product_recommendations_heading":"You may also like"}},"more-products-vendor":{"type":"more-products-vendor","settings":{}},"more-products-collection":{"type":"more-products-collection","settings":{}},"recently-viewed":{"type":"recently-viewed","settings":{}},"collection-return":{"type":"collection-return","settings":{"color_scheme":"2"}}},"order":["main","sub","recommendations","more-products-vendor","more-products-collection","recently-viewed","collection-return"]}