{"type":"footer","name":"t:labels.footer_group","sections":{"footer-promotions":{"type":"footer-promotions","blocks":{"footer-promotions-0":{"type":"promotion","disabled":true,"settings":{"enable_image":true,"image_mask":"none","title":"Site-wide promotion","text":"<p>Use this section to promote content throughout every page of your site. Add images for further impact.<\/p>","button_label":"Optional button","button_link":"","color_scheme":"1"}},"footer-promotions-1":{"type":"promotion","disabled":true,"settings":{"enable_image":true,"image_mask":"none","title":"Site-wide promotion","text":"<p>Use this section to promote content throughout every page of your site. Add images for further impact.<\/p>","button_label":"Optional button","button_link":"","color_scheme":"3"}},"footer-promotions-2":{"type":"promotion","disabled":true,"settings":{"enable_image":true,"image_mask":"none","title":"Site-wide promotion","text":"<p>Use this section to promote content throughout every page of your site. Add images for further impact.<\/p>","button_label":"Optional button","button_link":"","color_scheme":"2"}}},"block_order":["footer-promotions-0","footer-promotions-1","footer-promotions-2"],"settings":{"hide_homepage":false}},"footer":{"type":"footer","blocks":{"0d202f37-40fc-4059-adfb-35b1b2e13c9b":{"type":"menu","settings":{"title":"About Cloré","menu":"about-clor","enable_account_link":false}},"dd0ee0f3-bcf2-46bc-b221-8db85f8d59f7":{"type":"menu","settings":{"title":"","menu":"info","enable_account_link":false}},"96e90b7c-fc81-4be2-b64b-050013ba6dcf":{"type":"menu","settings":{"title":"Support","menu":"footer","enable_account_link":false}},"fe6a67a0-686e-435b-a946-f28802053c97":{"type":"contact","settings":{"phone":"1-855-502-5673","contact":"contact","chat":"","enable_social":true}},"c296bc3e-1d7f-4750-b993-050176521596":{"type":"payment","settings":{"show_payment_icons":true,"show_locale_selector":true,"show_currency_selector":true,"show_currency_flags":true}}},"block_order":["0d202f37-40fc-4059-adfb-35b1b2e13c9b","dd0ee0f3-bcf2-46bc-b221-8db85f8d59f7","96e90b7c-fc81-4be2-b64b-050013ba6dcf","fe6a67a0-686e-435b-a946-f28802053c97","c296bc3e-1d7f-4750-b993-050176521596"],"settings":{"show_newsletter":false,"newsletter_richtext":"<p>Sign up to receive email updates on new product announcements, special promotions sales and more!<\/p>","footer_main_menu":true,"show_copyright":true,"copyright_text":"","policies_menu":""}}},"order":["footer-promotions","footer"]}