{"type":"header","name":"t:labels.header_group","sections":{"shogun_custom_html_Qc8qDU":{"type":"shogun-custom-html","disabled":true,"name":"Shogun Custom HTML","settings":{"html":"<!-- Countdown Timer -->\n<div class=\"countdown-container\" id=\"promo-timer\" style=\"display:none; opacity: 0; transition: opacity 1s ease-in;\">\n  <p class=\"countdown-text\">Clock’s Ticking! Save 10% on Full-Price Faves – Canada Day Deal Ends July 1st!<\/p>\n  <div class=\"countdown-wrapper\">\n    <div class=\"countdown\">\n      <div class=\"time-box\">\n<span id=\"days\">00<\/span> Days<\/div>\n      <div class=\"time-box\">\n<span id=\"hours\">00<\/span> Hrs<\/div>\n      <div class=\"time-box\">\n<span id=\"minutes\">00<\/span> Mins<\/div>\n      <div class=\"time-box\">\n<span id=\"seconds\">00<\/span> Secs<\/div>\n    <\/div>\n    <button class=\"shop-button\" onclick=\"window.location.href='\/collections\/all'\">Shop now!<\/button>\n  <\/div>\n<\/div>\n\n<style>\n  .countdown-container {\n    background-color: #3b4371;\n    color: white;\n    padding: 12px 20px;\n    border-radius: 8px;\n    width: 100%;\n    max-width: 100%;\n    margin: auto;\n    height: auto;\n    display: flex;\n    align-items: center;\n    justify-content: center;\n    flex-wrap: nowrap;\n    gap: 20px;\n  }\n\n  .countdown-text {\n    font-size: 12px;\n    font-weight: bold;\n    margin-top: 5px;\n    margin-bottom: 5px;\n    white-space: normal !important;  \/* ✅ Allows wrapping *\/\n    word-break: break-word;          \/* ✅ Breaks long lines *\/\n    text-align: center;              \/* ✅ Centers on mobile *\/\n  }\n\n  .countdown-wrapper {\n    display: flex;\n    align-items: center;\n    gap: 20px;\n  }\n\n  .countdown {\n    display: flex;\n    align-items: center;\n    gap: 6px;\n    font-size: 12px;\n    font-weight: bold;\n    color: white;\n  }\n\n  .time-box {\n    background: white;\n    color: #3b4371;\n    padding: 5px 8px;\n    border-radius: 4px;\n    text-align: center;\n    font-size: 12px;\n    font-weight: bold;\n    min-width: 50px;\n  }\n\n  .shop-button {\n    background: black;\n    color: white;\n    padding: 8px 12px;\n    border: none;\n    border-radius: 5px;\n    cursor: pointer;\n    font-size: 12px;\n    white-space: nowrap;\n  }\n\n  .shop-button:hover {\n    background: #222;\n  }\n\n  @media (max-width: 768px) {\n    .countdown-container {\n      flex-direction: column;\n      text-align: center;\n      padding: 8px;\n      gap: 5px;\n    }\n\n    .countdown-text {\n      font-size: 11px;\n      white-space: normal;\n      word-break: break-word;\n      text-align: center;\n    }\n\n    .countdown-wrapper {\n      flex-direction: column;\n      gap: 12px;\n      align-items: center;\n    }\n\n    .countdown {\n      justify-content: center;\n      font-size: 8px;\n      gap: 5px;\n    }\n\n    .time-box {\n      font-size: 12px;\n      min-width: 50px;\n    }\n\n    .shop-button {\n      background: black;\n      color: white;\n      padding: 8px 12px;\n      border: none;\n      border-radius: 5px;\n      cursor: pointer;\n      font-size: 12px;\n    }\n  }\n<\/style>\n\n<script>\n  function startCountdown(endTime) {\n    function updateTimer() {\n      const now = new Date().getTime();\n      const distance = endTime - now;\n\n      if (distance < 0) {\n        document.getElementById(\"days\").innerText = \"00\";\n        document.getElementById(\"hours\").innerText = \"00\";\n        document.getElementById(\"minutes\").innerText = \"00\";\n        document.getElementById(\"seconds\").innerText = \"00\";\n        return;\n      }\n\n      const days = Math.floor(distance \/ (1000 * 60 * 60 * 24));\n      const hours = Math.floor((distance % (1000 * 60 * 60 * 24)) \/ (1000 * 60 * 60));\n      const minutes = Math.floor((distance % (1000 * 60 * 60)) \/ (1000 * 60));\n      const seconds = Math.floor((distance % (1000 * 60)) \/ 1000);\n\n      document.getElementById(\"days\").innerText = days.toString().padStart(2, '0');\n      document.getElementById(\"hours\").innerText = hours.toString().padStart(2, '0');\n      document.getElementById(\"minutes\").innerText = minutes.toString().padStart(2, '0');\n      document.getElementById(\"seconds\").innerText = seconds.toString().padStart(2, '0');\n\n      requestAnimationFrame(updateTimer);\n    }\n\n    requestAnimationFrame(updateTimer);\n  }\n\n  \/\/ ✅ Show from June 29 @ 11:59 PM to July 1 @ 11:59 PM\n  const showStart = new Date(\"2025-06-25T23:59:00\").getTime();\n  const showEnd = new Date(\"2025-07-01T23:59:59\").getTime();\n  const now = new Date().getTime();\n\n  if (now >= showStart && now <= showEnd) {\n    document.getElementById(\"promo-timer\").style.display = \"flex\";\n    setTimeout(() => {\n      document.getElementById(\"promo-timer\").style.opacity = \"1\";\n    }, 100);\n    startCountdown(showEnd);\n  } else if (now < showStart) {\n    const waitTime = showStart - now;\n    setTimeout(() => location.reload(), waitTime + 1000);\n  }\n<\/script>"}},"toolbar":{"type":"toolbar","blocks":{"cff431d4-9a3a-4622-a731-bd2d4c67a45c":{"type":"announcement","disabled":true,"settings":{"richtext":"<p>Promo code applied! You're saving 25% on your regular items!<\/p>","richtext_mobile":"<p>Promo code applied! You're saving 25% on your regular items!<\/p>"}},"announcement_n8MUCa":{"type":"announcement","disabled":true,"settings":{"richtext":"<p><a href=\"\/collections\/new-arrivals\" title=\"New Arrivals\">We use alternative shipping carriers to Canada Post, so you can shop with confidence knowing your goodies will be delivered on time! <\/a><\/p>","richtext_mobile":""}},"announcement_A8rhXz":{"type":"announcement","settings":{"richtext":"<p> <a href=\"\/pages\/shipping-policy\" title=\"Shipping Policy\">Free shipping on orders over $75*<\/a><\/p>","richtext_mobile":""}}},"block_order":["cff431d4-9a3a-4622-a731-bd2d4c67a45c","announcement_n8MUCa","announcement_A8rhXz"],"settings":{"announcement_center":true,"toolbar_social":false,"show_locale_selector":true,"show_currency_selector":true,"show_currency_flags":true}},"header":{"type":"header","blocks":{"45ab5598-26dc-4708-92e7-7fc60aeb5b54":{"type":"logo","settings":{"logo":"shopify:\/\/shop_images\/clore-white.png","desktop_logo_width":100,"mobile_logo_width":60}}},"block_order":["45ab5598-26dc-4708-92e7-7fc60aeb5b54"],"custom_css":[".megamenu__col-title a {text-transform: proper !important; font-weight: 800 !important;}"],"settings":{"main_menu_link_list":"main-menu","hover_menu":true,"main_menu_alignment":"left","mega_products":true,"header_sticky":true,"header_footer_menu":true,"sticky_index":false,"sticky_collection":false}}},"order":["shogun_custom_html_Qc8qDU","toolbar","header"]}