{"type":"custom.popups","name":"t:labels.popups","sections":{"newsletter-popup":{"type":"newsletter-popup","disabled":true,"settings":{"disable_for_account_holders":true,"popup_seconds":5,"popup_days":30,"popup_title":"SAY HELLO !","popup_text":"<p>Our new website is now live.<\/p><p>Please sign up with the email address of your existing account to reactivate your account on our new website !<\/p><p>Still have questions? please do not hesitate to call us at <strong>1-855-50-CLORE (25673)<\/strong> or email us at <a href=\"mailto:weborders@clorebeauty.com\" target=\"_blank\">weborders@clorebeauty.com<\/a><\/p>","image_position":"left","color_scheme":"none","show_social_icons":false,"enable_newsletter":true,"button_label":"Sign up now","button_link":"https:\/\/clorebeauty.myshopify.com\/account\/register"}},"age-verification-popup":{"type":"age-verification-popup","disabled":true,"settings":{"enable_test_mode":false,"color_scheme":"none","blur_image":false,"heading":"Confirm your age","text":"<p>Are you 18 years old or older?<\/p>","decline_button_label":"No I'm not","approve_button_label":"Yes I am","decline_heading":"Come back when you're older","decline_text":"<p>Sorry, the content of this store can't be seen by a younger audience. Come back when you're older.<\/p>","return_button_label":"Oops, I entered incorrectly"}}},"order":["newsletter-popup","age-verification-popup"]}