{"current":{"color_body_bg":"#ffffff","color_body_text":"#000000","color_price":"#1c1d1d","color_savings_text":"#ea118d","color_borders":"#e8e8e1","color_button":"#f967ba","color_button_text":"#ffffff","color_sale_tag":"#fff200","color_sale_tag_text":"#000000","color_cart_dot":"#ba4444","color_small_image_bg":"#ffffff","color_large_image_bg":"#0f0f0f","color_header":"#ea118d","color_header_text":"#ffffff","color_announcement":"#000000","color_announcement_text":"#ffffff","color_header_search":"#ffffff","color_footer":"#ffffff","color_footer_border":"#e8e8e1","color_footer_text":"#000000","color_scheme_1_bg":"{{ shop.brand.colors.primary[0].background }}","color_scheme_1_text":"#ffffff","color_scheme_1_texture":"none","color_scheme_2_bg":"#ffffff","color_scheme_2_text":"#000000","color_scheme_2_texture":"none","color_scheme_3_bg":"#f6dce5","color_scheme_3_text":"#000000","color_scheme_3_texture":"none","type_header_font_family":"lato_n4","type_header_spacing":"50","type_header_base_size":32,"type_header_line_height":1.1,"type_header_capitalize":false,"type_base_font_family":"century_gothic_n4","type_base_spacing":"50","type_base_size":15,"type_base_line_height":1.6,"type_navigation_style":"body","type_navigation_size":14,"type_navigation_capitalize":true,"edges":"square","button_style":"round","cart_icon":"bag-minimal","icon_weight":"2px","icon_linecaps":"miter","superscript_decimals":true,"product_save_type":"percent","vendor_enable":true,"swatch_size":68,"quick_shop_enable":true,"quick_add_enable":true,"product_grid_image_size":"square","product_grid_image_fill":false,"product_hover_image":true,"enable_swatches":true,"swatch_style":"square","product_grid_style":"simple","product_grid_image_margin":10,"recently_viewed_products_per_row":3,"recently_viewed_max_products":4,"collection_grid_shape":"square","collection_grid_image_fill":false,"collection_grid_image":"product","collection_grid_image_margin":15,"cart_type":"dropdown","cart_additional_buttons":true,"cart_notes_enable":false,"cart_terms_conditions_enable":false,"social_facebook_link":"https:\/\/www.facebook.com\/clorebeauty\/","social_instagram_link":"https:\/\/www.instagram.com\/clorebeauty\/?hl=en","social_tiktok_link":"https:\/\/www.tiktok.com\/@clorebeauty?lang=en","social_youtube_link":"https:\/\/www.youtube.com\/c\/CloreBeautySupplyCanada","share_twitter":false,"share_pinterest":false,"favicon":"shopify:\/\/shop_images\/Clore-symbol-2022.png","show_breadcrumbs":true,"show_breadcrumbs_collection_link":true,"checkout_accent_color":"#ea118d","checkout_body_background_color":"#ffffff","checkout_button_color":"#ea118d","checkout_error_color":"#ea118d","checkout_input_background_color_mode":"white","checkout_logo_position":"left","checkout_logo_size":"small","checkout_sidebar_background_color":"#fafafa","sections":{"header":{"type":"header","blocks":{"45ab5598-26dc-4708-92e7-7fc60aeb5b54":{"type":"logo","settings":{"logo":"shopify:\/\/shop_images\/clore-white.png","desktop_logo_width":100,"mobile_logo_width":60}}},"block_order":["45ab5598-26dc-4708-92e7-7fc60aeb5b54"],"settings":{"main_menu_link_list":"main-menu","main_menu_alignment":"left","mega_products":true,"header_sticky":true,"header_footer_menu":true,"sticky_index":false,"sticky_collection":false}},"newsletter-popup":{"type":"newsletter-popup","settings":{"popup_seconds":5,"popup_days":30,"popup_title":"SAY HELLO !","popup_text":"<p>Our new website is now live.<\/p><p>Please sign up with the email address of your existing account to reactivate your account on our new website !<\/p><p>Still have questions? please do not hesitate to call us at <strong>1-855-50-CLORE (25673)<\/strong> or email us at <a href=\"mailto:weborders@clorebeauty.com\" target=\"_blank\">weborders@clorebeauty.com<\/a><\/p>","color_scheme":"none","enable_newsletter":true,"button_label":"Sign up now","button_link":"https:\/\/clorebeauty.myshopify.com\/account\/register"}},"collection-header":{"type":"collection-header","settings":{"enable":true,"collection_image_enable":true,"parallax":false}},"footer-promotions":{"type":"footer-promotions","blocks":{"footer-promotions-0":{"type":"promotion","disabled":true,"settings":{"enable_image":true,"title":"Site-wide promotion","text":"<p>Use this section to promote content throughout every page of your site. Add images for further impact.<\/p>","button_label":"Optional button","button_link":"","color_scheme":"1"}},"footer-promotions-1":{"type":"promotion","disabled":true,"settings":{"enable_image":true,"title":"Site-wide promotion","text":"<p>Use this section to promote content throughout every page of your site. Add images for further impact.<\/p>","button_label":"Optional button","button_link":"","color_scheme":"3"}},"footer-promotions-2":{"type":"promotion","disabled":true,"settings":{"enable_image":true,"title":"Site-wide promotion","text":"<p>Use this section to promote content throughout every page of your site. Add images for further impact.<\/p>","button_label":"Optional button","button_link":"","color_scheme":"2"}}},"block_order":["footer-promotions-0","footer-promotions-1","footer-promotions-2"],"settings":{"hide_homepage":false}},"product-recommendations":{"type":"product-recommendations","settings":{"product_recommendations_heading":"You may also like"}},"recently-viewed":{"type":"recently-viewed","settings":{}},"toolbar":{"type":"toolbar","blocks":{"cff431d4-9a3a-4622-a731-bd2d4c67a45c":{"type":"announcement","disabled":true,"settings":{"richtext":"<p><a href=\"\/collections\/sales\" title=\"Sales & Promotions\">EXTRA 20% Off Clearance! Use code: EXTRA20<\/a><\/p>","richtext_mobile":"<p><a href=\"\/collections\/clearance\" title=\"Clearance Offers\">EXTRA 20% Off Clearance! Use code: EXTRA20<\/a><\/p>"}},"announcement_n8MUCa":{"type":"announcement","disabled":true,"settings":{"richtext":"<p><a href=\"\/collections\" title=\"All collections\">Save 15% Off Regular Prices! Use code: CANADA15<\/a><\/p>","richtext_mobile":""}},"announcement_A8rhXz":{"type":"announcement","settings":{"richtext":"<p> <a href=\"\/pages\/shipping-policy\" title=\"Shipping Policy\">Free shipping on orders over $75*<\/a><\/p>","richtext_mobile":""}}},"block_order":["cff431d4-9a3a-4622-a731-bd2d4c67a45c","announcement_n8MUCa","announcement_A8rhXz"],"settings":{"announcement_center":true,"toolbar_social":false,"show_locale_selector":true,"show_currency_selector":true,"show_currency_flags":true}},"footer":{"type":"footer","blocks":{"0d202f37-40fc-4059-adfb-35b1b2e13c9b":{"type":"menu","settings":{"title":"About Cloré","menu":"about-clor","enable_account_link":false}},"dd0ee0f3-bcf2-46bc-b221-8db85f8d59f7":{"type":"menu","settings":{"title":"","menu":"info","enable_account_link":false}},"96e90b7c-fc81-4be2-b64b-050013ba6dcf":{"type":"menu","settings":{"title":"Support","menu":"footer","enable_account_link":false}},"fe6a67a0-686e-435b-a946-f28802053c97":{"type":"contact","settings":{"phone":"1-855-502-5673","contact":"","chat":"","enable_social":true}},"c296bc3e-1d7f-4750-b993-050176521596":{"type":"payment","settings":{"show_payment_icons":true,"show_locale_selector":true,"show_currency_selector":true,"show_currency_flags":true}}},"block_order":["0d202f37-40fc-4059-adfb-35b1b2e13c9b","dd0ee0f3-bcf2-46bc-b221-8db85f8d59f7","96e90b7c-fc81-4be2-b64b-050013ba6dcf","fe6a67a0-686e-435b-a946-f28802053c97","c296bc3e-1d7f-4750-b993-050176521596"],"settings":{"show_newsletter":false,"newsletter_richtext":"<p>Sign up to receive email updates on new product announcements, special promotions sales and more!<\/p>","footer_main_menu":true,"show_copyright":true,"copyright_text":"","policies_menu":""}},"password-header":{"type":"password-header","settings":{"desktop_logo_height":100,"mobile_logo_height":60}}},"content_for_index":[],"blocks":{"14060646107696862457":{"type":"shopify:\/\/apps\/judge-me-product-reviews\/blocks\/judgeme_core\/61ccd3b1-a9f2-4160-9fe9-4fec8413e5d8","disabled":false,"settings":{}},"2102808784413787648":{"type":"shopify:\/\/apps\/krtbite-back-in-stock-restock\/blocks\/main-app-embed\/147a6f7f-6771-4f9b-8dc6-c14e6b24f32c","disabled":false,"settings":{}},"855628211100114053":{"type":"shopify:\/\/apps\/klaviyo-email-marketing-sms\/blocks\/klaviyo-onsite-embed\/2632fe16-c075-4321-a88b-50b567f42507","disabled":false,"settings":{}},"15006837127507150506":{"type":"shopify:\/\/apps\/asklayer\/blocks\/app-embed\/c9a5229c-7344-4301-8ca4-8768699e4bed","disabled":false,"settings":{}},"7079518687644006178":{"type":"shopify:\/\/apps\/checkout-blocks\/blocks\/app-embed\/b0024ca5-9de8-4bf0-a92f-cd0783877ae2","disabled":false,"settings":{"utm_id":true,"utm_source":true,"utm_medium":true,"utm_campaign":true,"utm_term":true,"ref":true}},"18197795979873361081":{"type":"shopify:\/\/apps\/bss-banner-pop-up\/blocks\/bss-banner-popup\/2db47c8b-7637-4260-aa84-586b08e92aea","disabled":false,"settings":{}},"12657775114333427046":{"type":"shopify:\/\/apps\/essential-countdown\/blocks\/app_embed\/722378e8-5a70-4eae-aa89-9e44e8e9f6de","disabled":false,"settings":{}},"11724500921838622758":{"type":"shopify:\/\/apps\/frequently-bought\/blocks\/app-embed-block\/b1a8cbea-c844-4842-9529-7c62dbab1b1f","disabled":false,"settings":{}}}},"presets":{"Expanse":{"color_body_text":"#42434d","color_price":"#272831","color_savings_text":"#ba4444","color_borders":"#efebeb","color_button":"#313652","color_sale_tag":"#ba4444","color_cart_dot":"#ffffff","color_cart_dot_text":"#42434d","color_large_image_bg":"#e7e7e7","color_header":"#383a46","color_header_text":"#ffffff","color_announcement":"#272831","color_announcement_text":"#ffffff","color_header_search":"#4b4d5e","color_footer":"#f9f9fb","color_footer_border":"#e8e8e1","color_footer_text":"#272831","color_scheme_1_bg":"#d3dac9","color_scheme_1_text":"#272831","color_scheme_2_bg":"#343643","color_scheme_2_texture":"notebook","color_scheme_3_bg":"#efebeb","color_scheme_3_text":"#272831","type_header_font_family":"figtree_n5","type_header_spacing":"0","type_header_base_size":28,"type_header_line_height":1.2,"type_base_font_family":"figtree_n4","type_base_spacing":"25","type_base_size":14,"type_base_line_height":1.5,"type_navigation_size":16,"edges":"round","button_style":"round","cart_icon":"cart","icon_weight":"3px","icon_linecaps":"round","vendor_enable":true,"swatch_size":30,"product_grid_image_fill":true,"product_hover_image":true,"enable_swatches":true,"collection_grid_image":"product","collection_grid_image_margin":20,"social_facebook_link":"https:\/\/www.facebook.com\/shopify","social_pinterest_link":"https:\/\/www.pinterest.com\/shopify","social_instagram_link":"https:\/\/instagram.com\/shopify","social_tiktok_link":"https:\/\/www.tiktok.com\/@shopify","show_breadcrumbs_collection_link":true,"checkout_accent_color":"#111111","checkout_body_background_color":"#ffffff","checkout_button_color":"#111111","checkout_error_color":"#ff6d6d","checkout_input_background_color_mode":"white","checkout_logo_position":"left","checkout_logo_size":"small","checkout_sidebar_background_color":"#fafafa"},"Revive":{"color_body_text":"#000000","color_savings_text":"#ec4a4a","color_borders":"#e8e8e1","color_button":"#111111","color_sale_tag":"#ec4a4a","color_cart_dot":"#ec4a4a","color_large_image_bg":"#0f0f0f","color_header":"#111111","color_header_text":"#ffffff","color_announcement":"#e7dfff","color_announcement_text":"#111111","color_header_search":"#ffffff","color_footer":"#ffffff","color_footer_border":"#e8e8e1","color_footer_text":"#000000","color_scheme_1_bg":"#c43704","color_scheme_1_text":"#e7dfff","color_scheme_1_texture":"minimal-wave","color_scheme_2_bg":"#eae4ff","color_scheme_2_text":"#111111","color_scheme_2_texture":"minimal-wave","color_scheme_3_bg":"#fcf4f1","color_scheme_3_texture":"wave","type_header_font_family":"instrument_serif_i4","type_header_base_size":30,"type_header_line_height":1.1,"type_base_font_family":"jost_n4","type_base_size":14,"type_base_line_height":1.6,"type_navigation_size":13,"icon_weight":"4px","vendor_enable":true,"product_hover_image":true,"product_grid_style":"simple","recently_viewed_products_per_row":5,"collection_grid_image":"product","collection_grid_image_margin":15,"social_facebook_link":"https:\/\/www.facebook.com\/shopify","social_instagram_link":"https:\/\/instagram.com\/shopify","show_breadcrumbs_collection_link":true,"checkout_accent_color":"#111111","checkout_body_background_color":"#ffffff","checkout_button_color":"#111111","checkout_error_color":"#ff6d6d","checkout_input_background_color_mode":"white","checkout_logo_position":"left","checkout_logo_size":"small","checkout_sidebar_background_color":"#fafafa"},"Spritz":{"color_body_text":"#000000","color_savings_text":"#ec4a4a","color_borders":"#e8e8e1","color_button":"#111111","color_sale_tag":"#ec4a4a","color_cart_dot":"#ec4a4a","color_large_image_bg":"#0f0f0f","color_header":"#111111","color_header_text":"#ffffff","color_announcement":"#e7dfff","color_announcement_text":"#111111","color_header_search":"#ffffff","color_footer":"#ffffff","color_footer_border":"#e8e8e1","color_footer_text":"#000000","color_scheme_1_bg":"#c43704","color_scheme_1_text":"#e7dfff","color_scheme_1_texture":"minimal-wave","color_scheme_2_bg":"#eae4ff","color_scheme_2_text":"#111111","color_scheme_2_texture":"minimal-wave","color_scheme_3_bg":"#fcf4f1","color_scheme_3_texture":"wave","type_header_font_family":"instrument_serif_i4","type_header_base_size":30,"type_header_line_height":1.1,"type_base_font_family":"jost_n4","type_base_size":14,"type_base_line_height":1.6,"type_navigation_size":13,"icon_weight":"4px","vendor_enable":true,"product_hover_image":true,"product_grid_style":"simple","recently_viewed_products_per_row":5,"collection_grid_image":"product","collection_grid_image_margin":15,"social_facebook_link":"https:\/\/www.facebook.com\/shopify","social_instagram_link":"https:\/\/instagram.com\/shopify","show_breadcrumbs_collection_link":true,"checkout_accent_color":"#111111","checkout_body_background_color":"#ffffff","checkout_button_color":"#111111","checkout_error_color":"#ff6d6d","checkout_input_background_color_mode":"white","checkout_logo_position":"left","checkout_logo_size":"small","checkout_sidebar_background_color":"#fafafa"}},"platform_customizations":{"custom_css":["img {border: 0 none;}",".grid__image-ratio {opacity: 0; border: 2px solid rgba(191, 189, 189, 0.5); \/* Grey border with 80% opacity *\/ animation: fade-in 0.5s cubic-bezier(0.29, 0.65, 0.58, 1) 0s forwards;}",".product__main-photos {position: relative; flex: 1 1 auto; border: 1px solid; border-color: {{settings.color_borders | default: \"#1c1d1d\" }}; border-color: var(--colorBorder);}",".collection-image-wrap {position: relative; transition: all 0.2s ease;}",".logo-bar__item {position: relative; display: flex; flex-direction: column; justify-content: center; width: 100%; padding: 25px 30px; background-color: {{settings.color_body_bg | default: \"#fff\" }}; background-color: var(--colorBody);}",".grid-product__price--current, .product__price {font-weight:700 !important;}"]}}